1,2017-12-02 17:36:56.113552,10.60.45.2,10.80.45.1,4280,43614,1AG359TGGAGG7AKT5XTIO8KHYYLX0OS=,small.pcap.TCP_10-60-45-2_4280_10-80-45-1_43614.pcap
2,2017-12-02 17:38:05.384080,10.60.45.2,10.80.45.1,8081,33344,324EPKMOPGMLUYD24QH9GCBF26FF3EE=,small2.pcap.TCP_10-60-45-2_8081_10-80-45-1_33344.pcap
3,2017-12-02 17:38:05.384080,10.60.45.2,10.80.45.1,8081,33344,NKWDJTB9B216B50XAYU1Y06ACABFB98=,small2.pcap.TCP_10-60-45-2_8081_10-80-45-1_33344.pcap
4,2017-12-02 17:38:05.384080,10.60.45.2,10.80.45.1,8081,33344,R0OXFPF14BZRS5JAM95B330BBE04536=,small2.pcap.TCP_10-60-45-2_8081_10-80-45-1_33344.pcap
5,2017-12-02 17:38:05.384113,10.60.45.2,10.80.45.1,8081,33344,1N2PL2PXM7RLUTU7YR0MFFA1BEEEC1B=,small2.pcap.TCP_10-60-45-2_8081_10-80-45-1_33344.pcap
6,2017-12-02 17:38:05.384113,10.60.45.2,10.80.45.1,8081,33344,QD9LESUCB3PUQDZQ7PYBH555C58E3F6=,small2.pcap.TCP_10-60-45-2_8081_10-80-45-1_33344.pcap
7,2017-12-02 17:38:05.384113,10.60.45.2,10.80.45.1,8081,33344,EK7HO7VGADHGESIBM468J25350ABDA2=,small2.pcap.TCP_10-60-45-2_8081_10-80-45-1_33344.pcap
8,2017-12-02 17:38:05.384113,10.60.45.2,10.80.45.1,8081,33344,NALDBOSOSYENRGU1VWA5Z645F801D30=,small2.pcap.TCP_10-60-45-2_8081_10-80-45-1_33344.pcap
9,2017-12-02 17:38:05.384113,10.60.45.2,10.80.45.1,8081,33344,HTH4X9OS9WY4UQEYMSYD606E19944DA=,small2.pcap.TCP_10-60-45-2_8081_10-80-45-1_33344.pcap
10,2017-12-02 17:38:05.384113,10.60.45.2,10.80.45.1,8081,33344,R3348WKR326VQEANTGC071F310D8C00=,small2.pcap.TCP_10-60-45-2_8081_10-80-45-1_33344.pcap
11,2017-12-02 17:38:05.384113,10.60.45.2,10.80.45.1,8081,33344,UP8RHZ33Q1UKR1111GHKED8D4223119=,small2.pcap.TCP_10-60-45-2_8081_10-80-45-1_33344.pcap
12,2017-12-02 17:38:05.384113,10.60.45.2,10.80.45.1,8081,33344,XZ8OVSRUPI09FN9W000UA31A5A0FFA5=,small2.pcap.TCP_10-60-45-2_8081_10-80-45-1_33344.pcap
13,2017-12-02 17:38:05.384113,10.60.45.2,10.80.45.1,8081,33344,J8U0E4ZR2KVN010HHEZ3M1FACBB279A=,small2.pcap.TCP_10-60-45-2_8081_10-80-45-1_33344.pcap
14,2017-12-02 17:38:05.384113,10.60.45.2,10.80.45.1,8081,33344,1LMI9EVIB0HCH0SKZ92SZE132CE7FA2=,small2.pcap.TCP_10-60-45-2_8081_10-80-45-1_33344.pcap
15,2017-12-02 17:38:05.977564,10.60.45.2,10.80.45.1,8081,33344,M1SJB6U2SRZCV19XWKFZ11774250F7B=,small2.pcap.TCP_10-60-45-2_8081_10-80-45-1_33344.pcap
16,2017-12-02 17:38:05.977564,10.60.45.2,10.80.45.1,8081,33344,BG7PZLJZJZ9WA4JLZWMG3D95DFE3A85=,small2.pcap.TCP_10-60-45-2_8081_10-80-45-1_33344.pcap
17,2017-12-02 17:38:05.977564,10.60.45.2,10.80.45.1,8081,33344,PMVAQUCB8MYH3TFDYO0P7CA401CC759=,small2.pcap.TCP_10-60-45-2_8081_10-80-45-1_33344.pcap
18,2017-12-02 17:38:05.977564,10.60.45.2,10.80.45.1,8081,33344,QBKPGCAYK1KH7ZQ3PJPDRFDBA3CF8B8=,small2.pcap.TCP_10-60-45-2_8081_10-80-45-1_33344.pcap
19,2017-12-02 17:38:06.690324,10.60.45.2,10.80.45.1,8081,33344,QS6ZYJMDHN80FTTAGIMFXADAD52781D=,small2.pcap.TCP_10-60-45-2_8081_10-80-45-1_33344.pcap
20,2017-12-02 17:38:06.690324,10.60.45.2,10.80.45.1,8081,33344,HIA0S1W8NF9UQYW6QDZDKE44968A04F=,small2.pcap.TCP_10-60-45-2_8081_10-80-45-1_33344.pcap
21,2017-12-02 17:38:06.690324,10.60.45.2,10.80.45.1,8081,33344,8Z24PYYUMP1AE5BDY2LWL5A59A64186=,small2.pcap.TCP_10-60-45-2_8081_10-80-45-1_33344.pcap
22,2017-12-02 17:38:06.690324,10.60.45.2,10.80.45.1,8081,33344,X7PERVGCR2TF08P3NGT12B4008CBB48=,small2.pcap.TCP_10-60-45-2_8081_10-80-45-1_33344.pcap
23,2017-12-02 17:38:06.690324,10.60.45.2,10.80.45.1,8081,33344,5B5NRZF5SYFVPW4AKB1Q7B7F174DF04=,small2.pcap.TCP_10-60-45-2_8081_10-80-45-1_33344.pcap
24,2017-12-02 17:38:06.690324,10.60.45.2,10.80.45.1,8081,33344,X9FW71T4VAD1BHBL4VFKD28E48F08C7=,small2.pcap.TCP_10-60-45-2_8081_10-80-45-1_33344.pcap
25,2017-12-02 17:38:06.690324,10.60.45.2,10.80.45.1,8081,33344,EU37PEOXR1L1LAJPW7R05B67A13C175=,small2.pcap.TCP_10-60-45-2_8081_10-80-45-1_33344.pcap
26,2017-12-02 17:38:07.245969,10.60.45.2,10.80.45.1,8081,33344,GQ7YG82W7HCM7SM388N24268F685A5E=,small2.pcap.TCP_10-60-45-2_8081_10-80-45-1_33344.pcap
27,2017-12-02 17:38:07.246251,10.60.45.2,10.80.45.1,8081,33344,XXVX59XZM6PFVVDHLXQ4H1A42A5FC34=,small2.pcap.TCP_10-60-45-2_8081_10-80-45-1_33344.pcap
28,2017-12-02 17:38:07.246251,10.60.45.2,10.80.45.1,8081,33344,GAX2OMXT9CGBC8VMNENKQC14FB5829F=,small2.pcap.TCP_10-60-45-2_8081_10-80-45-1_33344.pcap
29,2017-12-02 17:38:07.246251,10.60.45.2,10.80.45.1,8081,33344,K7LIG18SMBHLS20BZV751F12E40314C=,small2.pcap.TCP_10-60-45-2_8081_10-80-45-1_33344.pcap
30,2017-12-02 17:38:07.246348,10.60.45.2,10.80.45.1,8081,33344,NFPCE81CD9MNCFUYQICXE810A121F00=,small2.pcap.TCP_10-60-45-2_8081_10-80-45-1_33344.pcap
31,2017-12-02 17:38:07.246348,10.60.45.2,10.80.45.1,8081,33344,VVIPMG2GG8DQQE1O2BQ74717E6872B0=,small2.pcap.TCP_10-60-45-2_8081_10-80-45-1_33344.pcap
32,2017-12-02 17:38:07.246668,10.60.45.2,10.80.45.1,8081,33344,EM58RFT0XHY26USZ7TRP2D1F09E4EB3=,small2.pcap.TCP_10-60-45-2_8081_10-80-45-1_33344.pcap
33,2017-12-02 17:38:07.246668,10.60.45.2,10.80.45.1,8081,33344,SBG3PRRC2D3P59NSNYYZ279E9FA72AF=,small2.pcap.TCP_10-60-45-2_8081_10-80-45-1_33344.pcap
34,2017-12-02 17:38:07.871532,10.60.45.2,10.80.45.1,8081,33344,S6XU8C8D9RZVLKBW5M7S8596AE7E087=,small2.pcap.TCP_10-60-45-2_8081_10-80-45-1_33344.pcap
35,2017-12-02 17:38:07.871865,10.60.45.2,10.80.45.1,8081,33344,3R84QTZ9VYZID1FO0LTEW53B4288112=,small2.pcap.TCP_10-60-45-2_8081_10-80-45-1_33344.pcap
36,2017-12-02 17:38:07.871865,10.60.45.2,10.80.45.1,8081,33344,THPQIU5WCCNN8C9KCTNR0265D29A10E=,small2.pcap.TCP_10-60-45-2_8081_10-80-45-1_33344.pcap
37,2017-12-02 17:38:07.871865,10.60.45.2,10.80.45.1,8081,33344,IGMZMFP783R6YFJ7VC0HH6FFF480327=,small2.pcap.TCP_10-60-45-2_8081_10-80-45-1_33344.pcap
38,2017-12-02 17:38:07.871865,10.60.45.2,10.80.45.1,8081,33344,MUGQX7XFZFU3KTF01STVLD22C884B4E=,small2.pcap.TCP_10-60-45-2_8081_10-80-45-1_33344.pcap
39,2017-12-02 17:38:07.872269,10.60.45.2,10.80.45.1,8081,33344,H6A56XU4CTW0L84VJRGOKAC9E8A7FA0=,small2.pcap.TCP_10-60-45-2_8081_10-80-45-1_33344.pcap
40,2017-12-02 17:38:10.181568,10.60.45.2,10.80.45.1,8081,33344,J5X07J6UN873K271VZYTBCE41D1198C=,small2.pcap.TCP_10-60-45-2_8081_10-80-45-1_33344.pcap
41,2017-12-02 17:38:10.181931,10.60.45.2,10.80.45.1,8081,33344,J22ZGM55HRDGPFKNZGZN746F296F5EE=,small2.pcap.TCP_10-60-45-2_8081_10-80-45-1_33344.pcap
42,2017-12-02 17:38:10.181931,10.60.45.2,10.80.45.1,8081,33344,7R60Y0YX12F5M3TFF1E256DCB97D7D9=,small2.pcap.TCP_10-60-45-2_8081_10-80-45-1_33344.pcap
43,2017-12-02 17:38:10.181931,10.60.45.2,10.80.45.1,8081,33344,W07SH8YP8OU5E6XS7117E0273E74DC2=,small2.pcap.TCP_10-60-45-2_8081_10-80-45-1_33344.pcap
44,2017-12-02 17:38:10.181931,10.60.45.2,10.80.45.1,8081,33344,QRGTU2WWPT0OA1DENWALVF7AF733CD9=,small2.pcap.TCP_10-60-45-2_8081_10-80-45-1_33344.pcap
45,2017-12-02 17:38:10.181931,10.60.45.2,10.80.45.1,8081,33344,XCF3HK85ZIVP571BRBNP27159DF9B12=,small2.pcap.TCP_10-60-45-2_8081_10-80-45-1_33344.pcap
46,2017-12-02 17:38:10.181931,10.60.45.2,10.80.45.1,8081,33344,VITLXL4BUV7UMXUPX9WGE649EBD6CE5=,small2.pcap.TCP_10-60-45-2_8081_10-80-45-1_33344.pcap
47,2017-12-02 17:38:11.397298,10.60.45.2,10.80.45.1,8081,33344,5J2MK0CPH3YUFEKUO7T5WD14EC7AE79=,small2.pcap.TCP_10-60-45-2_8081_10-80-45-1_33344.pcap
48,2017-12-02 17:38:11.397298,10.60.45.2,10.80.45.1,8081,33344,16ZQ37BQ2P7WU5XE2PIIO13E1EB9EDB=,small2.pcap.TCP_10-60-45-2_8081_10-80-45-1_33344.pcap
49,2017-12-02 17:38:11.397298,10.60.45.2,10.80.45.1,8081,33344,630MRV0T8HN0Y155MC0KC82C4EDFD91=,small2.pcap.TCP_10-60-45-2_8081_10-80-45-1_33344.pcap
50,2017-12-02 17:38:11.397498,10.60.45.2,10.80.45.1,8081,33344,W7MBT302T8RFBODT1MJ55467181E89C=,small2.pcap.TCP_10-60-45-2_8081_10-80-45-1_33344.pcap
51,2017-12-02 17:38:11.397498,10.60.45.2,10.80.45.1,8081,33344,MFWUCT37SUF837DILJS2V064D584F3B=,small2.pcap.TCP_10-60-45-2_8081_10-80-45-1_33344.pcap
52,2017-12-02 17:38:11.397498,10.60.45.2,10.80.45.1,8081,33344,NJ1EUB64D3Z0PWLIF0FH794EF74C993=,small2.pcap.TCP_10-60-45-2_8081_10-80-45-1_33344.pcap
53,2017-12-02 17:38:11.397498,10.60.45.2,10.80.45.1,8081,33344,LLXJF41XNXSSIBA0TX9N0C44D6E33E8=,small2.pcap.TCP_10-60-45-2_8081_10-80-45-1_33344.pcap
54,2017-12-02 17:38:11.988128,10.60.45.2,10.80.45.1,8081,33344,RX0Y4GKD5089VV5MLYJTR935592CF89=,small2.pcap.TCP_10-60-45-2_8081_10-80-45-1_33344.pcap
55,2017-12-02 17:38:19.099611,10.60.45.2,10.80.45.1,8081,33344,C3KE67PJJ41LY2VSSLDRS8666C90D3E=,small2.pcap.TCP_10-60-45-2_8081_10-80-45-1_33344.pcap
56,2017-12-02 17:38:19.099611,10.60.45.2,10.80.45.1,8081,33344,K7E9NSXBREJK8L39CSJIH9C2925B535=,small2.pcap.TCP_10-60-45-2_8081_10-80-45-1_33344.pcap
57,2017-12-02 17:38:19.683584,10.60.45.2,10.80.45.1,8081,33344,X8M2ZE3XWHPWKV33YXEQM71916F6C62=,small2.pcap.TCP_10-60-45-2_8081_10-80-45-1_33344.pcap
58,2017-12-02 17:38:19.683584,10.60.45.2,10.80.45.1,8081,33344,BH34WEW5SZ14E7IO3SCPL47280F3F94=,small2.pcap.TCP_10-60-45-2_8081_10-80-45-1_33344.pcap
59,2017-12-02 17:38:19.684318,10.60.45.2,10.80.45.1,8081,33344,FEE2CWFRC1Q3JU0SFF7T364749E872A=,small2.pcap.TCP_10-60-45-2_8081_10-80-45-1_33344.pcap
60,2017-12-02 17:38:19.684318,10.60.45.2,10.80.45.1,8081,33344,U2PHVVBWQ1DGDL0Q14K6K31E265041B=,small2.pcap.TCP_10-60-45-2_8081_10-80-45-1_33344.pcap
61,2017-12-02 17:38:20.883128,10.60.45.2,10.80.45.1,8081,33344,UQJBIWNBED1ILT61ESDWB32497802D3=,small2.pcap.TCP_10-60-45-2_8081_10-80-45-1_33344.pcap
62,2017-12-02 17:38:20.883128,10.60.45.2,10.80.45.1,8081,33344,LMP1G8HTUZ09TM6E0YKAZA293F3AD7D=,small2.pcap.TCP_10-60-45-2_8081_10-80-45-1_33344.pcap
63,2017-12-02 17:38:20.883128,10.60.45.2,10.80.45.1,8081,33344,C80N7K1HPR1Z71RUI75P0DD1B051E78=,small2.pcap.TCP_10-60-45-2_8081_10-80-45-1_33344.pcap
64,2017-12-02 17:38:20.883128,10.60.45.2,10.80.45.1,8081,33344,YIQFD973450KZ30LCQ5V205C4DD1071=,small2.pcap.TCP_10-60-45-2_8081_10-80-45-1_33344.pcap
65,2017-12-02 17:38:22.070977,10.60.45.2,10.80.45.1,8081,33344,U3U9JG5I24G7L28NV2APBA7A98E9E16=,small2.pcap.TCP_10-60-45-2_8081_10-80-45-1_33344.pcap
66,2017-12-02 17:38:25.224136,10.60.45.2,10.80.45.1,8081,33344,WMA3BZVLRLUQWXE5S11RHCCF95783EE=,small2.pcap.TCP_10-60-45-2_8081_10-80-45-1_33344.pcap
67,2017-12-02 17:38:25.224136,10.60.45.2,10.80.45.1,8081,33344,JERHWT56Z0RFPVVNK00B7C1EE82800B=,small2.pcap.TCP_10-60-45-2_8081_10-80-45-1_33344.pcap
68,2017-12-02 17:38:25.224341,10.60.45.2,10.80.45.1,8081,33344,0YOPKY8SPQUW6UEQQ2XJO130B5B8D1C=,small2.pcap.TCP_10-60-45-2_8081_10-80-45-1_33344.pcap
69,2017-12-02 17:38:25.224341,10.60.45.2,10.80.45.1,8081,33344,EV66M94TOQKEHGITBBQ1BBD0AD5A833=,small2.pcap.TCP_10-60-45-2_8081_10-80-45-1_33344.pcap
70,2017-12-02 17:38:32.404118,10.60.45.2,10.80.45.1,8081,33344,PX5UILJA55HA6RBR5EU1ZAC82BB07DD=,small2.pcap.TCP_10-60-45-2_8081_10-80-45-1_33344.pcap
71,2017-12-02 17:38:32.404254,10.60.45.2,10.80.45.1,8081,33344,DFYHELQIXGHZLGV3NRBG2AF67B427CF=,small2.pcap.TCP_10-60-45-2_8081_10-80-45-1_33344.pcap
72,2017-12-02 17:38:32.404254,10.60.45.2,10.80.45.1,8081,33344,IRAF1THT86UO6VZR6QJKC9FA29BFB21=,small2.pcap.TCP_10-60-45-2_8081_10-80-45-1_33344.pcap
73,2017-12-02 17:38:32.404572,10.60.45.2,10.80.45.1,8081,33344,0CO122XIZFPD7BWTQP88KC3A71A928F=,small2.pcap.TCP_10-60-45-2_8081_10-80-45-1_33344.pcap
74,2017-12-02 17:38:32.404572,10.60.45.2,10.80.45.1,8081,33344,BQWT4O2R8DQKFAMK88XAV32967A48EE=,small2.pcap.TCP_10-60-45-2_8081_10-80-45-1_33344.pcap
75,2017-12-02 17:38:33.089882,10.60.45.2,10.80.45.1,8081,33344,XXD4I4PENIC25ZTY0L0T193B77F6FC3=,small2.pcap.TCP_10-60-45-2_8081_10-80-45-1_33344.pcap
76,2017-12-02 17:38:33.089882,10.60.45.2,10.80.45.1,8081,33344,FSLWPNJEU4OXXLPJC7D871DF56B803E=,small2.pcap.TCP_10-60-45-2_8081_10-80-45-1_33344.pcap
77,2017-12-02 17:38:33.089882,10.60.45.2,10.80.45.1,8081,33344,J4745L5G941BVO2WOXMR6E637ABB8F3=,small2.pcap.TCP_10-60-45-2_8081_10-80-45-1_33344.pcap
78,2017-12-02 17:36:56.113552,10.60.45.2,10.80.45.1,4280,43614,1AG359TGGAGG7AKT5XTIO8KHYYLX0OS=,small.pcap.TCP_10-60-45-2_4280_10-80-45-1_43614.pcap
79,2017-12-02 17:38:05.384080,10.60.45.2,10.80.45.1,8081,33344,324EPKMOPGMLUYD24QH9GCBF26FF3EE=,small2.pcap.TCP_10-60-45-2_8081_10-80-45-1_33344.pcap
80,2017-12-02 17:38:05.384080,10.60.45.2,10.80.45.1,8081,33344,NKWDJTB9B216B50XAYU1Y06ACABFB98=,small2.pcap.TCP_10-60-45-2_8081_10-80-45-1_33344.pcap
81,2017-12-02 17:38:05.384080,10.60.45.2,10.80.45.1,8081,33344,R0OXFPF14BZRS5JAM95B330BBE04536=,small2.pcap.TCP_10-60-45-2_8081_10-80-45-1_33344.pcap
82,2017-12-02 17:38:05.384113,10.60.45.2,10.80.45.1,8081,33344,1N2PL2PXM7RLUTU7YR0MFFA1BEEEC1B=,small2.pcap.TCP_10-60-45-2_8081_10-80-45-1_33344.pcap
83,2017-12-02 17:38:05.384113,10.60.45.2,10.80.45.1,8081,33344,QD9LESUCB3PUQDZQ7PYBH555C58E3F6=,small2.pcap.TCP_10-60-45-2_8081_10-80-45-1_33344.pcap
84,2017-12-02 17:38:05.384113,10.60.45.2,10.80.45.1,8081,33344,EK7HO7VGADHGESIBM468J25350ABDA2=,small2.pcap.TCP_10-60-45-2_8081_10-80-45-1_33344.pcap
85,2017-12-02 17:38:05.384113,10.60.45.2,10.80.45.1,8081,33344,NALDBOSOSYENRGU1VWA5Z645F801D30=,small2.pcap.TCP_10-60-45-2_8081_10-80-45-1_33344.pcap
86,2017-12-02 17:38:05.384113,10.60.45.2,10.80.45.1,8081,33344,HTH4X9OS9WY4UQEYMSYD606E19944DA=,small2.pcap.TCP_10-60-45-2_8081_10-80-45-1_33344.pcap
87,2017-12-02 17:38:05.384113,10.60.45.2,10.80.45.1,8081,33344,R3348WKR326VQEANTGC071F310D8C00=,small2.pcap.TCP_10-60-45-2_8081_10-80-45-1_33344.pcap
88,2017-12-02 17:38:05.384113,10.60.45.2,10.80.45.1,8081,33344,UP8RHZ33Q1UKR1111GHKED8D4223119=,small2.pcap.TCP_10-60-45-2_8081_10-80-45-1_33344.pcap
89,2017-12-02 17:38:05.384113,10.60.45.2,10.80.45.1,8081,33344,XZ8OVSRUPI09FN9W000UA31A5A0FFA5=,small2.pcap.TCP_10-60-45-2_8081_10-80-45-1_33344.pcap
90,2017-12-02 17:38:05.384113,10.60.45.2,10.80.45.1,8081,33344,J8U0E4ZR2KVN010HHEZ3M1FACBB279A=,small2.pcap.TCP_10-60-45-2_8081_10-80-45-1_33344.pcap
91,2017-12-02 17:38:05.384113,10.60.45.2,10.80.45.1,8081,33344,1LMI9EVIB0HCH0SKZ92SZE132CE7FA2=,small2.pcap.TCP_10-60-45-2_8081_10-80-45-1_33344.pcap
92,2017-12-02 17:38:05.977564,10.60.45.2,10.80.45.1,8081,33344,M1SJB6U2SRZCV19XWKFZ11774250F7B=,small2.pcap.TCP_10-60-45-2_8081_10-80-45-1_33344.pcap
93,2017-12-02 17:38:05.977564,10.60.45.2,10.80.45.1,8081,33344,BG7PZLJZJZ9WA4JLZWMG3D95DFE3A85=,small2.pcap.TCP_10-60-45-2_8081_10-80-45-1_33344.pcap
94,2017-12-02 17:38:05.977564,10.60.45.2,10.80.45.1,8081,33344,PMVAQUCB8MYH3TFDYO0P7CA401CC759=,small2.pcap.TCP_10-60-45-2_8081_10-80-45-1_33344.pcap
95,2017-12-02 17:38:05.977564,10.60.45.2,10.80.45.1,8081,33344,QBKPGCAYK1KH7ZQ3PJPDRFDBA3CF8B8=,small2.pcap.TCP_10-60-45-2_8081_10-80-45-1_33344.pcap
96,2017-12-02 17:38:06.690324,10.60.45.2,10.80.45.1,8081,33344,QS6ZYJMDHN80FTTAGIMFXADAD52781D=,small2.pcap.TCP_10-60-45-2_8081_10-80-45-1_33344.pcap
97,2017-12-02 17:38:06.690324,10.60.45.2,10.80.45.1,8081,33344,HIA0S1W8NF9UQYW6QDZDKE44968A04F=,small2.pcap.TCP_10-60-45-2_8081_10-80-45-1_33344.pcap
98,2017-12-02 17:38:06.690324,10.60.45.2,10.80.45.1,8081,33344,8Z24PYYUMP1AE5BDY2LWL5A59A64186=,small2.pcap.TCP_10-60-45-2_8081_10-80-45-1_33344.pcap
99,2017-12-02 17:38:06.690324,10.60.45.2,10.80.45.1,8081,33344,X7PERVGCR2TF08P3NGT12B4008CBB48=,small2.pcap.TCP_10-60-45-2_8081_10-80-45-1_33344.pcap
100,2017-12-02 17:38:06.690324,10.60.45.2,10.80.45.1,8081,33344,5B5NRZF5SYFVPW4AKB1Q7B7F174DF04=,small2.pcap.TCP_10-60-45-2_8081_10-80-45-1_33344.pcap
101,2017-12-02 17:38:06.690324,10.60.45.2,10.80.45.1,8081,33344,X9FW71T4VAD1BHBL4VFKD28E48F08C7=,small2.pcap.TCP_10-60-45-2_8081_10-80-45-1_33344.pcap
102,2017-12-02 17:38:06.690324,10.60.45.2,10.80.45.1,8081,33344,EU37PEOXR1L1LAJPW7R05B67A13C175=,small2.pcap.TCP_10-60-45-2_8081_10-80-45-1_33344.pcap
103,2017-12-02 17:38:07.245969,10.60.45.2,10.80.45.1,8081,33344,GQ7YG82W7HCM7SM388N24268F685A5E=,small2.pcap.TCP_10-60-45-2_8081_10-80-45-1_33344.pcap
104,2017-12-02 17:38:07.246251,10.60.45.2,10.80.45.1,8081,33344,XXVX59XZM6PFVVDHLXQ4H1A42A5FC34=,small2.pcap.TCP_10-60-45-2_8081_10-80-45-1_33344.pcap
105,2017-12-02 17:38:07.246251,10.60.45.2,10.80.45.1,8081,33344,GAX2OMXT9CGBC8VMNENKQC14FB5829F=,small2.pcap.TCP_10-60-45-2_8081_10-80-45-1_33344.pcap
106,2017-12-02 17:38:07.246251,10.60.45.2,10.80.45.1,8081,33344,K7LIG18SMBHLS20BZV751F12E40314C=,small2.pcap.TCP_10-60-45-2_8081_10-80-45-1_33344.pcap
107,2017-12-02 17:38:07.246348,10.60.45.2,10.80.45.1,8081,33344,NFPCE81CD9MNCFUYQICXE810A121F00=,small2.pcap.TCP_10-60-45-2_8081_10-80-45-1_33344.pcap
108,2017-12-02 17:38:07.246348,10.60.45.2,10.80.45.1,8081,33344,VVIPMG2GG8DQQE1O2BQ74717E6872B0=,small2.pcap.TCP_10-60-45-2_8081_10-80-45-1_33344.pcap
109,2017-12-02 17:38:07.246668,10.60.45.2,10.80.45.1,8081,33344,EM58RFT0XHY26USZ7TRP2D1F09E4EB3=,small2.pcap.TCP_10-60-45-2_8081_10-80-45-1_33344.pcap
110,2017-12-02 17:38:07.246668,10.60.45.2,10.80.45.1,8081,33344,SBG3PRRC2D3P59NSNYYZ279E9FA72AF=,small2.pcap.TCP_10-60-45-2_8081_10-80-45-1_33344.pcap
111,2017-12-02 17:38:07.871532,10.60.45.2,10.80.45.1,8081,33344,S6XU8C8D9RZVLKBW5M7S8596AE7E087=,small2.pcap.TCP_10-60-45-2_8081_10-80-45-1_33344.pcap
112,2017-12-02 17:38:07.871865,10.60.45.2,10.80.45.1,8081,33344,3R84QTZ9VYZID1FO0LTEW53B4288112=,small2.pcap.TCP_10-60-45-2_8081_10-80-45-1_33344.pcap
113,2017-12-02 17:38:07.871865,10.60.45.2,10.80.45.1,8081,33344,THPQIU5WCCNN8C9KCTNR0265D29A10E=,small2.pcap.TCP_10-60-45-2_8081_10-80-45-1_33344.pcap
114,2017-12-02 17:38:07.871865,10.60.45.2,10.80.45.1,8081,33344,IGMZMFP783R6YFJ7VC0HH6FFF480327=,small2.pcap.TCP_10-60-45-2_8081_10-80-45-1_33344.pcap
115,2017-12-02 17:38:07.871865,10.60.45.2,10.80.45.1,8081,33344,MUGQX7XFZFU3KTF01STVLD22C884B4E=,small2.pcap.TCP_10-60-45-2_8081_10-80-45-1_33344.pcap
116,2017-12-02 17:38:07.872269,10.60.45.2,10.80.45.1,8081,33344,H6A56XU4CTW0L84VJRGOKAC9E8A7FA0=,small2.pcap.TCP_10-60-45-2_8081_10-80-45-1_33344.pcap
117,2017-12-02 17:38:10.181568,10.60.45.2,10.80.45.1,8081,33344,J5X07J6UN873K271VZYTBCE41D1198C=,small2.pcap.TCP_10-60-45-2_8081_10-80-45-1_33344.pcap
118,2017-12-02 17:38:10.181931,10.60.45.2,10.80.45.1,8081,33344,J22ZGM55HRDGPFKNZGZN746F296F5EE=,small2.pcap.TCP_10-60-45-2_8081_10-80-45-1_33344.pcap
119,2017-12-02 17:38:10.181931,10.60.45.2,10.80.45.1,8081,33344,7R60Y0YX12F5M3TFF1E256DCB97D7D9=,small2.pcap.TCP_10-60-45-2_8081_10-80-45-1_33344.pcap
120,2017-12-02 17:38:10.181931,10.60.45.2,10.80.45.1,8081,33344,W07SH8YP8OU5E6XS7117E0273E74DC2=,small2.pcap.TCP_10-60-45-2_8081_10-80-45-1_33344.pcap
121,2017-12-02 17:38:10.181931,10.60.45.2,10.80.45.1,8081,33344,QRGTU2WWPT0OA1DENWALVF7AF733CD9=,small2.pcap.TCP_10-60-45-2_8081_10-80-45-1_33344.pcap
122,2017-12-02 17:38:10.181931,10.60.45.2,10.80.45.1,8081,33344,XCF3HK85ZIVP571BRBNP27159DF9B12=,small2.pcap.TCP_10-60-45-2_8081_10-80-45-1_33344.pcap
123,2017-12-02 17:38:10.181931,10.60.45.2,10.80.45.1,8081,33344,VITLXL4BUV7UMXUPX9WGE649EBD6CE5=,small2.pcap.TCP_10-60-45-2_8081_10-80-45-1_33344.pcap
124,2017-12-02 17:38:11.397298,10.60.45.2,10.80.45.1,8081,33344,5J2MK0CPH3YUFEKUO7T5WD14EC7AE79=,small2.pcap.TCP_10-60-45-2_8081_10-80-45-1_33344.pcap
125,2017-12-02 17:38:11.397298,10.60.45.2,10.80.45.1,8081,33344,16ZQ37BQ2P7WU5XE2PIIO13E1EB9EDB=,small2.pcap.TCP_10-60-45-2_8081_10-80-45-1_33344.pcap
126,2017-12-02 17:38:11.397298,10.60.45.2,10.80.45.1,8081,33344,630MRV0T8HN0Y155MC0KC82C4EDFD91=,small2.pcap.TCP_10-60-45-2_8081_10-80-45-1_33344.pcap
127,2017-12-02 17:38:11.397498,10.60.45.2,10.80.45.1,8081,33344,W7MBT302T8RFBODT1MJ55467181E89C=,small2.pcap.TCP_10-60-45-2_8081_10-80-45-1_33344.pcap
128,2017-12-02 17:38:11.397498,10.60.45.2,10.80.45.1,8081,33344,MFWUCT37SUF837DILJS2V064D584F3B=,small2.pcap.TCP_10-60-45-2_8081_10-80-45-1_33344.pcap
129,2017-12-02 17:38:11.397498,10.60.45.2,10.80.45.1,8081,33344,NJ1EUB64D3Z0PWLIF0FH794EF74C993=,small2.pcap.TCP_10-60-45-2_8081_10-80-45-1_33344.pcap
130,2017-12-02 17:38:11.397498,10.60.45.2,10.80.45.1,8081,33344,LLXJF41XNXSSIBA0TX9N0C44D6E33E8=,small2.pcap.TCP_10-60-45-2_8081_10-80-45-1_33344.pcap
131,2017-12-02 17:38:11.988128,10.60.45.2,10.80.45.1,8081,33344,RX0Y4GKD5089VV5MLYJTR935592CF89=,small2.pcap.TCP_10-60-45-2_8081_10-80-45-1_33344.pcap
132,2017-12-02 17:38:19.099611,10.60.45.2,10.80.45.1,8081,33344,C3KE67PJJ41LY2VSSLDRS8666C90D3E=,small2.pcap.TCP_10-60-45-2_8081_10-80-45-1_33344.pcap
133,2017-12-02 17:38:19.099611,10.60.45.2,10.80.45.1,8081,33344,K7E9NSXBREJK8L39CSJIH9C2925B535=,small2.pcap.TCP_10-60-45-2_8081_10-80-45-1_33344.pcap
134,2017-12-02 17:38:19.683584,10.60.45.2,10.80.45.1,8081,33344,X8M2ZE3XWHPWKV33YXEQM71916F6C62=,small2.pcap.TCP_10-60-45-2_8081_10-80-45-1_33344.pcap
135,2017-12-02 17:38:19.683584,10.60.45.2,10.80.45.1,8081,33344,BH34WEW5SZ14E7IO3SCPL47280F3F94=,small2.pcap.TCP_10-60-45-2_8081_10-80-45-1_33344.pcap
136,2017-12-02 17:38:19.684318,10.60.45.2,10.80.45.1,8081,33344,FEE2CWFRC1Q3JU0SFF7T364749E872A=,small2.pcap.TCP_10-60-45-2_8081_10-80-45-1_33344.pcap
137,2017-12-02 17:38:19.684318,10.60.45.2,10.80.45.1,8081,33344,U2PHVVBWQ1DGDL0Q14K6K31E265041B=,small2.pcap.TCP_10-60-45-2_8081_10-80-45-1_33344.pcap
138,2017-12-02 17:38:20.883128,10.60.45.2,10.80.45.1,8081,33344,UQJBIWNBED1ILT61ESDWB32497802D3=,small2.pcap.TCP_10-60-45-2_8081_10-80-45-1_33344.pcap
139,2017-12-02 17:38:20.883128,10.60.45.2,10.80.45.1,8081,33344,LMP1G8HTUZ09TM6E0YKAZA293F3AD7D=,small2.pcap.TCP_10-60-45-2_8081_10-80-45-1_33344.pcap
140,2017-12-02 17:38:20.883128,10.60.45.2,10.80.45.1,8081,33344,C80N7K1HPR1Z71RUI75P0DD1B051E78=,small2.pcap.TCP_10-60-45-2_8081_10-80-45-1_33344.pcap
141,2017-12-02 17:38:20.883128,10.60.45.2,10.80.45.1,8081,33344,YIQFD973450KZ30LCQ5V205C4DD1071=,small2.pcap.TCP_10-60-45-2_8081_10-80-45-1_33344.pcap
142,2017-12-02 17:38:22.070977,10.60.45.2,10.80.45.1,8081,33344,U3U9JG5I24G7L28NV2APBA7A98E9E16=,small2.pcap.TCP_10-60-45-2_8081_10-80-45-1_33344.pcap
143,2017-12-02 17:38:25.224136,10.60.45.2,10.80.45.1,8081,33344,WMA3BZVLRLUQWXE5S11RHCCF95783EE=,small2.pcap.TCP_10-60-45-2_8081_10-80-45-1_33344.pcap
144,2017-12-02 17:38:25.224136,10.60.45.2,10.80.45.1,8081,33344,JERHWT56Z0RFPVVNK00B7C1EE82800B=,small2.pcap.TCP_10-60-45-2_8081_10-80-45-1_33344.pcap
145,2017-12-02 17:38:25.224341,10.60.45.2,10.80.45.1,8081,33344,0YOPKY8SPQUW6UEQQ2XJO130B5B8D1C=,small2.pcap.TCP_10-60-45-2_8081_10-80-45-1_33344.pcap
146,2017-12-02 17:38:25.224341,10.60.45.2,10.80.45.1,8081,33344,EV66M94TOQKEHGITBBQ1BBD0AD5A833=,small2.pcap.TCP_10-60-45-2_8081_10-80-45-1_33344.pcap
147,2017-12-02 17:38:32.404118,10.60.45.2,10.80.45.1,8081,33344,PX5UILJA55HA6RBR5EU1ZAC82BB07DD=,small2.pcap.TCP_10-60-45-2_8081_10-80-45-1_33344.pcap
148,2017-12-02 17:38:32.404254,10.60.45.2,10.80.45.1,8081,33344,DFYHELQIXGHZLGV3NRBG2AF67B427CF=,small2.pcap.TCP_10-60-45-2_8081_10-80-45-1_33344.pcap
149,2017-12-02 17:38:32.404254,10.60.45.2,10.80.45.1,8081,33344,IRAF1THT86UO6VZR6QJKC9FA29BFB21=,small2.pcap.TCP_10-60-45-2_8081_10-80-45-1_33344.pcap
150,2017-12-02 17:38:32.404572,10.60.45.2,10.80.45.1,8081,33344,0CO122XIZFPD7BWTQP88KC3A71A928F=,small2.pcap.TCP_10-60-45-2_8081_10-80-45-1_33344.pcap
151,2017-12-02 17:38:32.404572,10.60.45.2,10.80.45.1,8081,33344,BQWT4O2R8DQKFAMK88XAV32967A48EE=,small2.pcap.TCP_10-60-45-2_8081_10-80-45-1_33344.pcap
152,2017-12-02 17:38:33.089882,10.60.45.2,10.80.45.1,8081,33344,XXD4I4PENIC25ZTY0L0T193B77F6FC3=,small2.pcap.TCP_10-60-45-2_8081_10-80-45-1_33344.pcap
153,2017-12-02 17:38:33.089882,10.60.45.2,10.80.45.1,8081,33344,FSLWPNJEU4OXXLPJC7D871DF56B803E=,small2.pcap.TCP_10-60-45-2_8081_10-80-45-1_33344.pcap
154,2017-12-02 17:38:33.089882,10.60.45.2,10.80.45.1,8081,33344,J4745L5G941BVO2WOXMR6E637ABB8F3=,small2.pcap.TCP_10-60-45-2_8081_10-80-45-1_33344.pcap
155,2017-12-02 17:36:56.113552,10.60.45.2,10.80.45.1,4280,43614,1AG359TGGAGG7AKT5XTIO8KHYYLX0OS=,small.pcap.TCP_10-60-45-2_4280_10-80-45-1_43614.pcap
156,2017-12-02 17:38:05.384080,10.60.45.2,10.80.45.1,8081,33344,324EPKMOPGMLUYD24QH9GCBF26FF3EE=,small2.pcap.TCP_10-60-45-2_8081_10-80-45-1_33344.pcap
157,2017-12-02 17:38:05.384080,10.60.45.2,10.80.45.1,8081,33344,NKWDJTB9B216B50XAYU1Y06ACABFB98=,small2.pcap.TCP_10-60-45-2_8081_10-80-45-1_33344.pcap
158,2017-12-02 17:38:05.384080,10.60.45.2,10.80.45.1,8081,33344,R0OXFPF14BZRS5JAM95B330BBE04536=,small2.pcap.TCP_10-60-45-2_8081_10-80-45-1_33344.pcap
159,2017-12-02 17:38:05.384113,10.60.45.2,10.80.45.1,8081,33344,1N2PL2PXM7RLUTU7YR0MFFA1BEEEC1B=,small2.pcap.TCP_10-60-45-2_8081_10-80-45-1_33344.pcap
160,2017-12-02 17:38:05.384113,10.60.45.2,10.80.45.1,8081,33344,QD9LESUCB3PUQDZQ7PYBH555C58E3F6=,small2.pcap.TCP_10-60-45-2_8081_10-80-45-1_33344.pcap
161,2017-12-02 17:38:05.384113,10.60.45.2,10.80.45.1,8081,33344,EK7HO7VGADHGESIBM468J25350ABDA2=,small2.pcap.TCP_10-60-45-2_8081_10-80-45-1_33344.pcap
162,2017-12-02 17:38:05.384113,10.60.45.2,10.80.45.1,8081,33344,NALDBOSOSYENRGU1VWA5Z645F801D30=,small2.pcap.TCP_10-60-45-2_8081_10-80-45-1_33344.pcap
163,2017-12-02 17:38:05.384113,10.60.45.2,10.80.45.1,8081,33344,HTH4X9OS9WY4UQEYMSYD606E19944DA=,small2.pcap.TCP_10-60-45-2_8081_10-80-45-1_33344.pcap
164,2017-12-02 17:38:05.384113,10.60.45.2,10.80.45.1,8081,33344,R3348WKR326VQEANTGC071F310D8C00=,small2.pcap.TCP_10-60-45-2_8081_10-80-45-1_33344.pcap
165,2017-12-02 17:38:05.384113,10.60.45.2,10.80.45.1,8081,33344,UP8RHZ33Q1UKR1111GHKED8D4223119=,small2.pcap.TCP_10-60-45-2_8081_10-80-45-1_33344.pcap
166,2017-12-02 17:38:05.384113,10.60.45.2,10.80.45.1,8081,33344,XZ8OVSRUPI09FN9W000UA31A5A0FFA5=,small2.pcap.TCP_10-60-45-2_8081_10-80-45-1_33344.pcap
167,2017-12-02 17:38:05.384113,10.60.45.2,10.80.45.1,8081,33344,J8U0E4ZR2KVN010HHEZ3M1FACBB279A=,small2.pcap.TCP_10-60-45-2_8081_10-80-45-1_33344.pcap
168,2017-12-02 17:38:05.384113,10.60.45.2,10.80.45.1,8081,33344,1LMI9EVIB0HCH0SKZ92SZE132CE7FA2=,small2.pcap.TCP_10-60-45-2_8081_10-80-45-1_33344.pcap
169,2017-12-02 17:38:05.977564,10.60.45.2,10.80.45.1,8081,33344,M1SJB6U2SRZCV19XWKFZ11774250F7B=,small2.pcap.TCP_10-60-45-2_8081_10-80-45-1_33344.pcap
170,2017-12-02 17:38:05.977564,10.60.45.2,10.80.45.1,8081,33344,BG7PZLJZJZ9WA4JLZWMG3D95DFE3A85=,small2.pcap.TCP_10-60-45-2_8081_10-80-45-1_33344.pcap
171,2017-12-02 17:38:05.977564,10.60.45.2,10.80.45.1,8081,33344,PMVAQUCB8MYH3TFDYO0P7CA401CC759=,small2.pcap.TCP_10-60-45-2_8081_10-80-45-1_33344.pcap
172,2017-12-02 17:38:05.977564,10.60.45.2,10.80.45.1,8081,33344,QBKPGCAYK1KH7ZQ3PJPDRFDBA3CF8B8=,small2.pcap.TCP_10-60-45-2_8081_10-80-45-1_33344.pcap
173,2017-12-02 17:38:06.690324,10.60.45.2,10.80.45.1,8081,33344,QS6ZYJMDHN80FTTAGIMFXADAD52781D=,small2.pcap.TCP_10-60-45-2_8081_10-80-45-1_33344.pcap
174,2017-12-02 17:38:06.690324,10.60.45.2,10.80.45.1,8081,33344,HIA0S1W8NF9UQYW6QDZDKE44968A04F=,small2.pcap.TCP_10-60-45-2_8081_10-80-45-1_33344.pcap
175,2017-12-02 17:38:06.690324,10.60.45.2,10.80.45.1,8081,33344,8Z24PYYUMP1AE5BDY2LWL5A59A64186=,small2.pcap.TCP_10-60-45-2_8081_10-80-45-1_33344.pcap
176,2017-12-02 17:38:06.690324,10.60.45.2,10.80.45.1,8081,33344,X7PERVGCR2TF08P3NGT12B4008CBB48=,small2.pcap.TCP_10-60-45-2_8081_10-80-45-1_33344.pcap
177,2017-12-02 17:38:06.690324,10.60.45.2,10.80.45.1,8081,33344,5B5NRZF5SYFVPW4AKB1Q7B7F174DF04=,small2.pcap.TCP_10-60-45-2_8081_10-80-45-1_33344.pcap
178,2017-12-02 17:38:06.690324,10.60.45.2,10.80.45.1,8081,33344,X9FW71T4VAD1BHBL4VFKD28E48F08C7=,small2.pcap.TCP_10-60-45-2_8081_10-80-45-1_33344.pcap
179,2017-12-02 17:38:06.690324,10.60.45.2,10.80.45.1,8081,33344,EU37PEOXR1L1LAJPW7R05B67A13C175=,small2.pcap.TCP_10-60-45-2_8081_10-80-45-1_33344.pcap
180,2017-12-02 17:38:07.245969,10.60.45.2,10.80.45.1,8081,33344,GQ7YG82W7HCM7SM388N24268F685A5E=,small2.pcap.TCP_10-60-45-2_8081_10-80-45-1_33344.pcap
181,2017-12-02 17:38:07.246251,10.60.45.2,10.80.45.1,8081,33344,XXVX59XZM6PFVVDHLXQ4H1A42A5FC34=,small2.pcap.TCP_10-60-45-2_8081_10-80-45-1_33344.pcap
182,2017-12-02 17:38:07.246251,10.60.45.2,10.80.45.1,8081,33344,GAX2OMXT9CGBC8VMNENKQC14FB5829F=,small2.pcap.TCP_10-60-45-2_8081_10-80-45-1_33344.pcap
183,2017-12-02 17:38:07.246251,10.60.45.2,10.80.45.1,8081,33344,K7LIG18SMBHLS20BZV751F12E40314C=,small2.pcap.TCP_10-60-45-2_8081_10-80-45-1_33344.pcap
184,2017-12-02 17:38:07.246348,10.60.45.2,10.80.45.1,8081,33344,NFPCE81CD9MNCFUYQICXE810A121F00=,small2.pcap.TCP_10-60-45-2_8081_10-80-45-1_33344.pcap
185,2017-12-02 17:38:07.246348,10.60.45.2,10.80.45.1,8081,33344,VVIPMG2GG8DQQE1O2BQ74717E6872B0=,small2.pcap.TCP_10-60-45-2_8081_10-80-45-1_33344.pcap
186,2017-12-02 17:38:07.246668,10.60.45.2,10.80.45.1,8081,33344,EM58RFT0XHY26USZ7TRP2D1F09E4EB3=,small2.pcap.TCP_10-60-45-2_8081_10-80-45-1_33344.pcap
187,2017-12-02 17:38:07.246668,10.60.45.2,10.80.45.1,8081,33344,SBG3PRRC2D3P59NSNYYZ279E9FA72AF=,small2.pcap.TCP_10-60-45-2_8081_10-80-45-1_33344.pcap
188,2017-12-02 17:38:07.871532,10.60.45.2,10.80.45.1,8081,33344,S6XU8C8D9RZVLKBW5M7S8596AE7E087=,small2.pcap.TCP_10-60-45-2_8081_10-80-45-1_33344.pcap
189,2017-12-02 17:38:07.871865,10.60.45.2,10.80.45.1,8081,33344,3R84QTZ9VYZID1FO0LTEW53B4288112=,small2.pcap.TCP_10-60-45-2_8081_10-80-45-1_33344.pcap
190,2017-12-02 17:38:07.871865,10.60.45.2,10.80.45.1,8081,33344,THPQIU5WCCNN8C9KCTNR0265D29A10E=,small2.pcap.TCP_10-60-45-2_8081_10-80-45-1_33344.pcap
191,2017-12-02 17:38:07.871865,10.60.45.2,10.80.45.1,8081,33344,IGMZMFP783R6YFJ7VC0HH6FFF480327=,small2.pcap.TCP_10-60-45-2_8081_10-80-45-1_33344.pcap
192,2017-12-02 17:38:07.871865,10.60.45.2,10.80.45.1,8081,33344,MUGQX7XFZFU3KTF01STVLD22C884B4E=,small2.pcap.TCP_10-60-45-2_8081_10-80-45-1_33344.pcap
193,2017-12-02 17:38:07.872269,10.60.45.2,10.80.45.1,8081,33344,H6A56XU4CTW0L84VJRGOKAC9E8A7FA0=,small2.pcap.TCP_10-60-45-2_8081_10-80-45-1_33344.pcap
194,2017-12-02 17:38:10.181568,10.60.45.2,10.80.45.1,8081,33344,J5X07J6UN873K271VZYTBCE41D1198C=,small2.pcap.TCP_10-60-45-2_8081_10-80-45-1_33344.pcap
195,2017-12-02 17:38:10.181931,10.60.45.2,10.80.45.1,8081,33344,J22ZGM55HRDGPFKNZGZN746F296F5EE=,small2.pcap.TCP_10-60-45-2_8081_10-80-45-1_33344.pcap
196,2017-12-02 17:38:10.181931,10.60.45.2,10.80.45.1,8081,33344,7R60Y0YX12F5M3TFF1E256DCB97D7D9=,small2.pcap.TCP_10-60-45-2_8081_10-80-45-1_33344.pcap
197,2017-12-02 17:38:10.181931,10.60.45.2,10.80.45.1,8081,33344,W07SH8YP8OU5E6XS7117E0273E74DC2=,small2.pcap.TCP_10-60-45-2_8081_10-80-45-1_33344.pcap
198,2017-12-02 17:38:10.181931,10.60.45.2,10.80.45.1,8081,33344,QRGTU2WWPT0OA1DENWALVF7AF733CD9=,small2.pcap.TCP_10-60-45-2_8081_10-80-45-1_33344.pcap
199,2017-12-02 17:38:10.181931,10.60.45.2,10.80.45.1,8081,33344,XCF3HK85ZIVP571BRBNP27159DF9B12=,small2.pcap.TCP_10-60-45-2_8081_10-80-45-1_33344.pcap
200,2017-12-02 17:38:10.181931,10.60.45.2,10.80.45.1,8081,33344,VITLXL4BUV7UMXUPX9WGE649EBD6CE5=,small2.pcap.TCP_10-60-45-2_8081_10-80-45-1_33344.pcap
201,2017-12-02 17:38:11.397298,10.60.45.2,10.80.45.1,8081,33344,5J2MK0CPH3YUFEKUO7T5WD14EC7AE79=,small2.pcap.TCP_10-60-45-2_8081_10-80-45-1_33344.pcap
202,2017-12-02 17:38:11.397298,10.60.45.2,10.80.45.1,8081,33344,16ZQ37BQ2P7WU5XE2PIIO13E1EB9EDB=,small2.pcap.TCP_10-60-45-2_8081_10-80-45-1_33344.pcap
203,2017-12-02 17:38:11.397298,10.60.45.2,10.80.45.1,8081,33344,630MRV0T8HN0Y155MC0KC82C4EDFD91=,small2.pcap.TCP_10-60-45-2_8081_10-80-45-1_33344.pcap
204,2017-12-02 17:38:11.397498,10.60.45.2,10.80.45.1,8081,33344,W7MBT302T8RFBODT1MJ55467181E89C=,small2.pcap.TCP_10-60-45-2_8081_10-80-45-1_33344.pcap
205,2017-12-02 17:38:11.397498,10.60.45.2,10.80.45.1,8081,33344,MFWUCT37SUF837DILJS2V064D584F3B=,small2.pcap.TCP_10-60-45-2_8081_10-80-45-1_33344.pcap
206,2017-12-02 17:38:11.397498,10.60.45.2,10.80.45.1,8081,33344,NJ1EUB64D3Z0PWLIF0FH794EF74C993=,small2.pcap.TCP_10-60-45-2_8081_10-80-45-1_33344.pcap
207,2017-12-02 17:38:11.397498,10.60.45.2,10.80.45.1,8081,33344,LLXJF41XNXSSIBA0TX9N0C44D6E33E8=,small2.pcap.TCP_10-60-45-2_8081_10-80-45-1_33344.pcap
208,2017-12-02 17:38:11.988128,10.60.45.2,10.80.45.1,8081,33344,RX0Y4GKD5089VV5MLYJTR935592CF89=,small2.pcap.TCP_10-60-45-2_8081_10-80-45-1_33344.pcap
209,2017-12-02 17:38:19.099611,10.60.45.2,10.80.45.1,8081,33344,C3KE67PJJ41LY2VSSLDRS8666C90D3E=,small2.pcap.TCP_10-60-45-2_8081_10-80-45-1_33344.pcap
210,2017-12-02 17:38:19.099611,10.60.45.2,10.80.45.1,8081,33344,K7E9NSXBREJK8L39CSJIH9C2925B535=,small2.pcap.TCP_10-60-45-2_8081_10-80-45-1_33344.pcap
211,2017-12-02 17:38:19.683584,10.60.45.2,10.80.45.1,8081,33344,X8M2ZE3XWHPWKV33YXEQM71916F6C62=,small2.pcap.TCP_10-60-45-2_8081_10-80-45-1_33344.pcap
212,2017-12-02 17:38:19.683584,10.60.45.2,10.80.45.1,8081,33344,BH34WEW5SZ14E7IO3SCPL47280F3F94=,small2.pcap.TCP_10-60-45-2_8081_10-80-45-1_33344.pcap
213,2017-12-02 17:38:19.684318,10.60.45.2,10.80.45.1,8081,33344,FEE2CWFRC1Q3JU0SFF7T364749E872A=,small2.pcap.TCP_10-60-45-2_8081_10-80-45-1_33344.pcap
214,2017-12-02 17:38:19.684318,10.60.45.2,10.80.45.1,8081,33344,U2PHVVBWQ1DGDL0Q14K6K31E265041B=,small2.pcap.TCP_10-60-45-2_8081_10-80-45-1_33344.pcap
215,2017-12-02 17:38:20.883128,10.60.45.2,10.80.45.1,8081,33344,UQJBIWNBED1ILT61ESDWB32497802D3=,small2.pcap.TCP_10-60-45-2_8081_10-80-45-1_33344.pcap
216,2017-12-02 17:38:20.883128,10.60.45.2,10.80.45.1,8081,33344,LMP1G8HTUZ09TM6E0YKAZA293F3AD7D=,small2.pcap.TCP_10-60-45-2_8081_10-80-45-1_33344.pcap
217,2017-12-02 17:38:20.883128,10.60.45.2,10.80.45.1,8081,33344,C80N7K1HPR1Z71RUI75P0DD1B051E78=,small2.pcap.TCP_10-60-45-2_8081_10-80-45-1_33344.pcap
218,2017-12-02 17:38:20.883128,10.60.45.2,10.80.45.1,8081,33344,YIQFD973450KZ30LCQ5V205C4DD1071=,small2.pcap.TCP_10-60-45-2_8081_10-80-45-1_33344.pcap
219,2017-12-02 17:38:22.070977,10.60.45.2,10.80.45.1,8081,33344,U3U9JG5I24G7L28NV2APBA7A98E9E16=,small2.pcap.TCP_10-60-45-2_8081_10-80-45-1_33344.pcap
220,2017-12-02 17:38:25.224136,10.60.45.2,10.80.45.1,8081,33344,WMA3BZVLRLUQWXE5S11RHCCF95783EE=,small2.pcap.TCP_10-60-45-2_8081_10-80-45-1_33344.pcap
221,2017-12-02 17:38:25.224136,10.60.45.2,10.80.45.1,8081,33344,JERHWT56Z0RFPVVNK00B7C1EE82800B=,small2.pcap.TCP_10-60-45-2_8081_10-80-45-1_33344.pcap
222,2017-12-02 17:38:25.224341,10.60.45.2,10.80.45.1,8081,33344,0YOPKY8SPQUW6UEQQ2XJO130B5B8D1C=,small2.pcap.TCP_10-60-45-2_8081_10-80-45-1_33344.pcap
223,2017-12-02 17:38:25.224341,10.60.45.2,10.80.45.1,8081,33344,EV66M94TOQKEHGITBBQ1BBD0AD5A833=,small2.pcap.TCP_10-60-45-2_8081_10-80-45-1_33344.pcap
224,2017-12-02 17:38:32.404118,10.60.45.2,10.80.45.1,8081,33344,PX5UILJA55HA6RBR5EU1ZAC82BB07DD=,small2.pcap.TCP_10-60-45-2_8081_10-80-45-1_33344.pcap
225,2017-12-02 17:38:32.404254,10.60.45.2,10.80.45.1,8081,33344,DFYHELQIXGHZLGV3NRBG2AF67B427CF=,small2.pcap.TCP_10-60-45-2_8081_10-80-45-1_33344.pcap
226,2017-12-02 17:38:32.404254,10.60.45.2,10.80.45.1,8081,33344,IRAF1THT86UO6VZR6QJKC9FA29BFB21=,small2.pcap.TCP_10-60-45-2_8081_10-80-45-1_33344.pcap
227,2017-12-02 17:38:32.404572,10.60.45.2,10.80.45.1,8081,33344,0CO122XIZFPD7BWTQP88KC3A71A928F=,small2.pcap.TCP_10-60-45-2_8081_10-80-45-1_33344.pcap
228,2017-12-02 17:38:32.404572,10.60.45.2,10.80.45.1,8081,33344,BQWT4O2R8DQKFAMK88XAV32967A48EE=,small2.pcap.TCP_10-60-45-2_8081_10-80-45-1_33344.pcap
229,2017-12-02 17:38:33.089882,10.60.45.2,10.80.45.1,8081,33344,XXD4I4PENIC25ZTY0L0T193B77F6FC3=,small2.pcap.TCP_10-60-45-2_8081_10-80-45-1_33344.pcap
230,2017-12-02 17:38:33.089882,10.60.45.2,10.80.45.1,8081,33344,FSLWPNJEU4OXXLPJC7D871DF56B803E=,small2.pcap.TCP_10-60-45-2_8081_10-80-45-1_33344.pcap
231,2017-12-02 17:38:33.089882,10.60.45.2,10.80.45.1,8081,33344,J4745L5G941BVO2WOXMR6E637ABB8F3=,small2.pcap.TCP_10-60-45-2_8081_10-80-45-1_33344.pcap
232,2017-12-02 17:36:56.113552,10.60.45.2,10.80.45.1,4280,43614,1AG359TGGAGG7AKT5XTIO8KHYYLX0OS=,small.pcap.TCP_10-60-45-2_4280_10-80-45-1_43614.pcap
233,2017-12-02 17:38:05.384080,10.60.45.2,10.80.45.1,8081,33344,324EPKMOPGMLUYD24QH9GCBF26FF3EE=,small2.pcap.TCP_10-60-45-2_8081_10-80-45-1_33344.pcap
234,2017-12-02 17:38:05.384080,10.60.45.2,10.80.45.1,8081,33344,NKWDJTB9B216B50XAYU1Y06ACABFB98=,small2.pcap.TCP_10-60-45-2_8081_10-80-45-1_33344.pcap
235,2017-12-02 17:38:05.384080,10.60.45.2,10.80.45.1,8081,33344,R0OXFPF14BZRS5JAM95B330BBE04536=,small2.pcap.TCP_10-60-45-2_8081_10-80-45-1_33344.pcap
236,2017-12-02 17:38:05.384113,10.60.45.2,10.80.45.1,8081,33344,1N2PL2PXM7RLUTU7YR0MFFA1BEEEC1B=,small2.pcap.TCP_10-60-45-2_8081_10-80-45-1_33344.pcap
237,2017-12-02 17:38:05.384113,10.60.45.2,10.80.45.1,8081,33344,QD9LESUCB3PUQDZQ7PYBH555C58E3F6=,small2.pcap.TCP_10-60-45-2_8081_10-80-45-1_33344.pcap
238,2017-12-02 17:38:05.384113,10.60.45.2,10.80.45.1,8081,33344,EK7HO7VGADHGESIBM468J25350ABDA2=,small2.pcap.TCP_10-60-45-2_8081_10-80-45-1_33344.pcap
239,2017-12-02 17:38:05.384113,10.60.45.2,10.80.45.1,8081,33344,NALDBOSOSYENRGU1VWA5Z645F801D30=,small2.pcap.TCP_10-60-45-2_8081_10-80-45-1_33344.pcap
240,2017-12-02 17:38:05.384113,10.60.45.2,10.80.45.1,8081,33344,HTH4X9OS9WY4UQEYMSYD606E19944DA=,small2.pcap.TCP_10-60-45-2_8081_10-80-45-1_33344.pcap
241,2017-12-02 17:38:05.384113,10.60.45.2,10.80.45.1,8081,33344,R3348WKR326VQEANTGC071F310D8C00=,small2.pcap.TCP_10-60-45-2_8081_10-80-45-1_33344.pcap
242,2017-12-02 17:38:05.384113,10.60.45.2,10.80.45.1,8081,33344,UP8RHZ33Q1UKR1111GHKED8D4223119=,small2.pcap.TCP_10-60-45-2_8081_10-80-45-1_33344.pcap
243,2017-12-02 17:38:05.384113,10.60.45.2,10.80.45.1,8081,33344,XZ8OVSRUPI09FN9W000UA31A5A0FFA5=,small2.pcap.TCP_10-60-45-2_8081_10-80-45-1_33344.pcap
244,2017-12-02 17:38:05.384113,10.60.45.2,10.80.45.1,8081,33344,J8U0E4ZR2KVN010HHEZ3M1FACBB279A=,small2.pcap.TCP_10-60-45-2_8081_10-80-45-1_33344.pcap
245,2017-12-02 17:38:05.384113,10.60.45.2,10.80.45.1,8081,33344,1LMI9EVIB0HCH0SKZ92SZE132CE7FA2=,small2.pcap.TCP_10-60-45-2_8081_10-80-45-1_33344.pcap
246,2017-12-02 17:38:05.977564,10.60.45.2,10.80.45.1,8081,33344,M1SJB6U2SRZCV19XWKFZ11774250F7B=,small2.pcap.TCP_10-60-45-2_8081_10-80-45-1_33344.pcap
247,2017-12-02 17:38:05.977564,10.60.45.2,10.80.45.1,8081,33344,BG7PZLJZJZ9WA4JLZWMG3D95DFE3A85=,small2.pcap.TCP_10-60-45-2_8081_10-80-45-1_33344.pcap
248,2017-12-02 17:38:05.977564,10.60.45.2,10.80.45.1,8081,33344,PMVAQUCB8MYH3TFDYO0P7CA401CC759=,small2.pcap.TCP_10-60-45-2_8081_10-80-45-1_33344.pcap
249,2017-12-02 17:38:05.977564,10.60.45.2,10.80.45.1,8081,33344,QBKPGCAYK1KH7ZQ3PJPDRFDBA3CF8B8=,small2.pcap.TCP_10-60-45-2_8081_10-80-45-1_33344.pcap
250,2017-12-02 17:38:06.690324,10.60.45.2,10.80.45.1,8081,33344,QS6ZYJMDHN80FTTAGIMFXADAD52781D=,small2.pcap.TCP_10-60-45-2_8081_10-80-45-1_33344.pcap
251,2017-12-02 17:38:06.690324,10.60.45.2,10.80.45.1,8081,33344,HIA0S1W8NF9UQYW6QDZDKE44968A04F=,small2.pcap.TCP_10-60-45-2_8081_10-80-45-1_33344.pcap
252,2017-12-02 17:38:06.690324,10.60.45.2,10.80.45.1,8081,33344,8Z24PYYUMP1AE5BDY2LWL5A59A64186=,small2.pcap.TCP_10-60-45-2_8081_10-80-45-1_33344.pcap
253,2017-12-02 17:38:06.690324,10.60.45.2,10.80.45.1,8081,33344,X7PERVGCR2TF08P3NGT12B4008CBB48=,small2.pcap.TCP_10-60-45-2_8081_10-80-45-1_33344.pcap
254,2017-12-02 17:38:06.690324,10.60.45.2,10.80.45.1,8081,33344,5B5NRZF5SYFVPW4AKB1Q7B7F174DF04=,small2.pcap.TCP_10-60-45-2_8081_10-80-45-1_33344.pcap
255,2017-12-02 17:38:06.690324,10.60.45.2,10.80.45.1,8081,33344,X9FW71T4VAD1BHBL4VFKD28E48F08C7=,small2.pcap.TCP_10-60-45-2_8081_10-80-45-1_33344.pcap
256,2017-12-02 17:38:06.690324,10.60.45.2,10.80.45.1,8081,33344,EU37PEOXR1L1LAJPW7R05B67A13C175=,small2.pcap.TCP_10-60-45-2_8081_10-80-45-1_33344.pcap
257,2017-12-02 17:38:07.245969,10.60.45.2,10.80.45.1,8081,33344,GQ7YG82W7HCM7SM388N24268F685A5E=,small2.pcap.TCP_10-60-45-2_8081_10-80-45-1_33344.pcap
258,2017-12-02 17:38:07.246251,10.60.45.2,10.80.45.1,8081,33344,XXVX59XZM6PFVVDHLXQ4H1A42A5FC34=,small2.pcap.TCP_10-60-45-2_8081_10-80-45-1_33344.pcap
259,2017-12-02 17:38:07.246251,10.60.45.2,10.80.45.1,8081,33344,GAX2OMXT9CGBC8VMNENKQC14FB5829F=,small2.pcap.TCP_10-60-45-2_8081_10-80-45-1_33344.pcap
260,2017-12-02 17:38:07.246251,10.60.45.2,10.80.45.1,8081,33344,K7LIG18SMBHLS20BZV751F12E40314C=,small2.pcap.TCP_10-60-45-2_8081_10-80-45-1_33344.pcap
261,2017-12-02 17:38:07.246348,10.60.45.2,10.80.45.1,8081,33344,NFPCE81CD9MNCFUYQICXE810A121F00=,small2.pcap.TCP_10-60-45-2_8081_10-80-45-1_33344.pcap
262,2017-12-02 17:38:07.246348,10.60.45.2,10.80.45.1,8081,33344,VVIPMG2GG8DQQE1O2BQ74717E6872B0=,small2.pcap.TCP_10-60-45-2_8081_10-80-45-1_33344.pcap
263,2017-12-02 17:38:07.246668,10.60.45.2,10.80.45.1,8081,33344,EM58RFT0XHY26USZ7TRP2D1F09E4EB3=,small2.pcap.TCP_10-60-45-2_8081_10-80-45-1_33344.pcap
264,2017-12-02 17:38:07.246668,10.60.45.2,10.80.45.1,8081,33344,SBG3PRRC2D3P59NSNYYZ279E9FA72AF=,small2.pcap.TCP_10-60-45-2_8081_10-80-45-1_33344.pcap
265,2017-12-02 17:38:07.871532,10.60.45.2,10.80.45.1,8081,33344,S6XU8C8D9RZVLKBW5M7S8596AE7E087=,small2.pcap.TCP_10-60-45-2_8081_10-80-45-1_33344.pcap
266,2017-12-02 17:38:07.871865,10.60.45.2,10.80.45.1,8081,33344,3R84QTZ9VYZID1FO0LTEW53B4288112=,small2.pcap.TCP_10-60-45-2_8081_10-80-45-1_33344.pcap
267,2017-12-02 17:38:07.871865,10.60.45.2,10.80.45.1,8081,33344,THPQIU5WCCNN8C9KCTNR0265D29A10E=,small2.pcap.TCP_10-60-45-2_8081_10-80-45-1_33344.pcap
268,2017-12-02 17:38:07.871865,10.60.45.2,10.80.45.1,8081,33344,IGMZMFP783R6YFJ7VC0HH6FFF480327=,small2.pcap.TCP_10-60-45-2_8081_10-80-45-1_33344.pcap
269,2017-12-02 17:38:07.871865,10.60.45.2,10.80.45.1,8081,33344,MUGQX7XFZFU3KTF01STVLD22C884B4E=,small2.pcap.TCP_10-60-45-2_8081_10-80-45-1_33344.pcap
270,2017-12-02 17:38:07.872269,10.60.45.2,10.80.45.1,8081,33344,H6A56XU4CTW0L84VJRGOKAC9E8A7FA0=,small2.pcap.TCP_10-60-45-2_8081_10-80-45-1_33344.pcap
271,2017-12-02 17:38:10.181568,10.60.45.2,10.80.45.1,8081,33344,J5X07J6UN873K271VZYTBCE41D1198C=,small2.pcap.TCP_10-60-45-2_8081_10-80-45-1_33344.pcap
272,2017-12-02 17:38:10.181931,10.60.45.2,10.80.45.1,8081,33344,J22ZGM55HRDGPFKNZGZN746F296F5EE=,small2.pcap.TCP_10-60-45-2_8081_10-80-45-1_33344.pcap
273,2017-12-02 17:38:10.181931,10.60.45.2,10.80.45.1,8081,33344,7R60Y0YX12F5M3TFF1E256DCB97D7D9=,small2.pcap.TCP_10-60-45-2_8081_10-80-45-1_33344.pcap
274,2017-12-02 17:38:10.181931,10.60.45.2,10.80.45.1,8081,33344,W07SH8YP8OU5E6XS7117E0273E74DC2=,small2.pcap.TCP_10-60-45-2_8081_10-80-45-1_33344.pcap
275,2017-12-02 17:38:10.181931,10.60.45.2,10.80.45.1,8081,33344,QRGTU2WWPT0OA1DENWALVF7AF733CD9=,small2.pcap.TCP_10-60-45-2_8081_10-80-45-1_33344.pcap
276,2017-12-02 17:38:10.181931,10.60.45.2,10.80.45.1,8081,33344,XCF3HK85ZIVP571BRBNP27159DF9B12=,small2.pcap.TCP_10-60-45-2_8081_10-80-45-1_33344.pcap
277,2017-12-02 17:38:10.181931,10.60.45.2,10.80.45.1,8081,33344,VITLXL4BUV7UMXUPX9WGE649EBD6CE5=,small2.pcap.TCP_10-60-45-2_8081_10-80-45-1_33344.pcap
278,2017-12-02 17:38:11.397298,10.60.45.2,10.80.45.1,8081,33344,5J2MK0CPH3YUFEKUO7T5WD14EC7AE79=,small2.pcap.TCP_10-60-45-2_8081_10-80-45-1_33344.pcap
279,2017-12-02 17:38:11.397298,10.60.45.2,10.80.45.1,8081,33344,16ZQ37BQ2P7WU5XE2PIIO13E1EB9EDB=,small2.pcap.TCP_10-60-45-2_8081_10-80-45-1_33344.pcap
280,2017-12-02 17:38:11.397298,10.60.45.2,10.80.45.1,8081,33344,630MRV0T8HN0Y155MC0KC82C4EDFD91=,small2.pcap.TCP_10-60-45-2_8081_10-80-45-1_33344.pcap
281,2017-12-02 17:38:11.397498,10.60.45.2,10.80.45.1,8081,33344,W7MBT302T8RFBODT1MJ55467181E89C=,small2.pcap.TCP_10-60-45-2_8081_10-80-45-1_33344.pcap
282,2017-12-02 17:38:11.397498,10.60.45.2,10.80.45.1,8081,33344,MFWUCT37SUF837DILJS2V064D584F3B=,small2.pcap.TCP_10-60-45-2_8081_10-80-45-1_33344.pcap
283,2017-12-02 17:38:11.397498,10.60.45.2,10.80.45.1,8081,33344,NJ1EUB64D3Z0PWLIF0FH794EF74C993=,small2.pcap.TCP_10-60-45-2_8081_10-80-45-1_33344.pcap
284,2017-12-02 17:38:11.397498,10.60.45.2,10.80.45.1,8081,33344,LLXJF41XNXSSIBA0TX9N0C44D6E33E8=,small2.pcap.TCP_10-60-45-2_8081_10-80-45-1_33344.pcap
285,2017-12-02 17:38:11.988128,10.60.45.2,10.80.45.1,8081,33344,RX0Y4GKD5089VV5MLYJTR935592CF89=,small2.pcap.TCP_10-60-45-2_8081_10-80-45-1_33344.pcap
286,2017-12-02 17:38:19.099611,10.60.45.2,10.80.45.1,8081,33344,C3KE67PJJ41LY2VSSLDRS8666C90D3E=,small2.pcap.TCP_10-60-45-2_8081_10-80-45-1_33344.pcap
287,2017-12-02 17:38:19.099611,10.60.45.2,10.80.45.1,8081,33344,K7E9NSXBREJK8L39CSJIH9C2925B535=,small2.pcap.TCP_10-60-45-2_8081_10-80-45-1_33344.pcap
288,2017-12-02 17:38:19.683584,10.60.45.2,10.80.45.1,8081,33344,X8M2ZE3XWHPWKV33YXEQM71916F6C62=,small2.pcap.TCP_10-60-45-2_8081_10-80-45-1_33344.pcap
289,2017-12-02 17:38:19.683584,10.60.45.2,10.80.45.1,8081,33344,BH34WEW5SZ14E7IO3SCPL47280F3F94=,small2.pcap.TCP_10-60-45-2_8081_10-80-45-1_33344.pcap
290,2017-12-02 17:38:19.684318,10.60.45.2,10.80.45.1,8081,33344,FEE2CWFRC1Q3JU0SFF7T364749E872A=,small2.pcap.TCP_10-60-45-2_8081_10-80-45-1_33344.pcap
291,2017-12-02 17:38:19.684318,10.60.45.2,10.80.45.1,8081,33344,U2PHVVBWQ1DGDL0Q14K6K31E265041B=,small2.pcap.TCP_10-60-45-2_8081_10-80-45-1_33344.pcap
292,2017-12-02 17:38:20.883128,10.60.45.2,10.80.45.1,8081,33344,UQJBIWNBED1ILT61ESDWB32497802D3=,small2.pcap.TCP_10-60-45-2_8081_10-80-45-1_33344.pcap
293,2017-12-02 17:38:20.883128,10.60.45.2,10.80.45.1,8081,33344,LMP1G8HTUZ09TM6E0YKAZA293F3AD7D=,small2.pcap.TCP_10-60-45-2_8081_10-80-45-1_33344.pcap
294,2017-12-02 17:38:20.883128,10.60.45.2,10.80.45.1,8081,33344,C80N7K1HPR1Z71RUI75P0DD1B051E78=,small2.pcap.TCP_10-60-45-2_8081_10-80-45-1_33344.pcap
295,2017-12-02 17:38:20.883128,10.60.45.2,10.80.45.1,8081,33344,YIQFD973450KZ30LCQ5V205C4DD1071=,small2.pcap.TCP_10-60-45-2_8081_10-80-45-1_33344.pcap
296,2017-12-02 17:38:22.070977,10.60.45.2,10.80.45.1,8081,33344,U3U9JG5I24G7L28NV2APBA7A98E9E16=,small2.pcap.TCP_10-60-45-2_8081_10-80-45-1_33344.pcap
297,2017-12-02 17:38:25.224136,10.60.45.2,10.80.45.1,8081,33344,WMA3BZVLRLUQWXE5S11RHCCF95783EE=,small2.pcap.TCP_10-60-45-2_8081_10-80-45-1_33344.pcap
298,2017-12-02 17:38:25.224136,10.60.45.2,10.80.45.1,8081,33344,JERHWT56Z0RFPVVNK00B7C1EE82800B=,small2.pcap.TCP_10-60-45-2_8081_10-80-45-1_33344.pcap
299,2017-12-02 17:38:25.224341,10.60.45.2,10.80.45.1,8081,33344,0YOPKY8SPQUW6UEQQ2XJO130B5B8D1C=,small2.pcap.TCP_10-60-45-2_8081_10-80-45-1_33344.pcap
300,2017-12-02 17:38:25.224341,10.60.45.2,10.80.45.1,8081,33344,EV66M94TOQKEHGITBBQ1BBD0AD5A833=,small2.pcap.TCP_10-60-45-2_8081_10-80-45-1_33344.pcap
301,2017-12-02 17:38:32.404118,10.60.45.2,10.80.45.1,8081,33344,PX5UILJA55HA6RBR5EU1ZAC82BB07DD=,small2.pcap.TCP_10-60-45-2_8081_10-80-45-1_33344.pcap
302,2017-12-02 17:38:32.404254,10.60.45.2,10.80.45.1,8081,33344,DFYHELQIXGHZLGV3NRBG2AF67B427CF=,small2.pcap.TCP_10-60-45-2_8081_10-80-45-1_33344.pcap
303,2017-12-02 17:38:32.404254,10.60.45.2,10.80.45.1,8081,33344,IRAF1THT86UO6VZR6QJKC9FA29BFB21=,small2.pcap.TCP_10-60-45-2_8081_10-80-45-1_33344.pcap
304,2017-12-02 17:38:32.404572,10.60.45.2,10.80.45.1,8081,33344,0CO122XIZFPD7BWTQP88KC3A71A928F=,small2.pcap.TCP_10-60-45-2_8081_10-80-45-1_33344.pcap
305,2017-12-02 17:38:32.404572,10.60.45.2,10.80.45.1,8081,33344,BQWT4O2R8DQKFAMK88XAV32967A48EE=,small2.pcap.TCP_10-60-45-2_8081_10-80-45-1_33344.pcap
306,2017-12-02 17:38:33.089882,10.60.45.2,10.80.45.1,8081,33344,XXD4I4PENIC25ZTY0L0T193B77F6FC3=,small2.pcap.TCP_10-60-45-2_8081_10-80-45-1_33344.pcap
307,2017-12-02 17:38:33.089882,10.60.45.2,10.80.45.1,8081,33344,FSLWPNJEU4OXXLPJC7D871DF56B803E=,small2.pcap.TCP_10-60-45-2_8081_10-80-45-1_33344.pcap
308,2017-12-02 17:38:33.089882,10.60.45.2,10.80.45.1,8081,33344,J4745L5G941BVO2WOXMR6E637ABB8F3=,small2.pcap.TCP_10-60-45-2_8081_10-80-45-1_33344.pcap
309,2017-12-02 17:36:56.113552,10.60.45.2,10.80.45.1,4280,43614,1AG359TGGAGG7AKT5XTIO8KHYYLX0OS=,small.pcap.TCP_10-60-45-2_4280_10-80-45-1_43614.pcap
310,2017-12-02 17:38:05.384080,10.60.45.2,10.80.45.1,8081,33344,324EPKMOPGMLUYD24QH9GCBF26FF3EE=,small2.pcap.TCP_10-60-45-2_8081_10-80-45-1_33344.pcap
311,2017-12-02 17:38:05.384080,10.60.45.2,10.80.45.1,8081,33344,NKWDJTB9B216B50XAYU1Y06ACABFB98=,small2.pcap.TCP_10-60-45-2_8081_10-80-45-1_33344.pcap
312,2017-12-02 17:38:05.384080,10.60.45.2,10.80.45.1,8081,33344,R0OXFPF14BZRS5JAM95B330BBE04536=,small2.pcap.TCP_10-60-45-2_8081_10-80-45-1_33344.pcap
313,2017-12-02 17:38:05.384113,10.60.45.2,10.80.45.1,8081,33344,1N2PL2PXM7RLUTU7YR0MFFA1BEEEC1B=,small2.pcap.TCP_10-60-45-2_8081_10-80-45-1_33344.pcap
314,2017-12-02 17:38:05.384113,10.60.45.2,10.80.45.1,8081,33344,QD9LESUCB3PUQDZQ7PYBH555C58E3F6=,small2.pcap.TCP_10-60-45-2_8081_10-80-45-1_33344.pcap
315,2017-12-02 17:38:05.384113,10.60.45.2,10.80.45.1,8081,33344,EK7HO7VGADHGESIBM468J25350ABDA2=,small2.pcap.TCP_10-60-45-2_8081_10-80-45-1_33344.pcap
316,2017-12-02 17:38:05.384113,10.60.45.2,10.80.45.1,8081,33344,NALDBOSOSYENRGU1VWA5Z645F801D30=,small2.pcap.TCP_10-60-45-2_8081_10-80-45-1_33344.pcap
317,2017-12-02 17:38:05.384113,10.60.45.2,10.80.45.1,8081,33344,HTH4X9OS9WY4UQEYMSYD606E19944DA=,small2.pcap.TCP_10-60-45-2_8081_10-80-45-1_33344.pcap
318,2017-12-02 17:38:05.384113,10.60.45.2,10.80.45.1,8081,33344,R3348WKR326VQEANTGC071F310D8C00=,small2.pcap.TCP_10-60-45-2_8081_10-80-45-1_33344.pcap
319,2017-12-02 17:38:05.384113,10.60.45.2,10.80.45.1,8081,33344,UP8RHZ33Q1UKR1111GHKED8D4223119=,small2.pcap.TCP_10-60-45-2_8081_10-80-45-1_33344.pcap
320,2017-12-02 17:38:05.384113,10.60.45.2,10.80.45.1,8081,33344,XZ8OVSRUPI09FN9W000UA31A5A0FFA5=,small2.pcap.TCP_10-60-45-2_8081_10-80-45-1_33344.pcap
321,2017-12-02 17:38:05.384113,10.60.45.2,10.80.45.1,8081,33344,J8U0E4ZR2KVN010HHEZ3M1FACBB279A=,small2.pcap.TCP_10-60-45-2_8081_10-80-45-1_33344.pcap
322,2017-12-02 17:38:05.384113,10.60.45.2,10.80.45.1,8081,33344,1LMI9EVIB0HCH0SKZ92SZE132CE7FA2=,small2.pcap.TCP_10-60-45-2_8081_10-80-45-1_33344.pcap
323,2017-12-02 17:38:05.977564,10.60.45.2,10.80.45.1,8081,33344,M1SJB6U2SRZCV19XWKFZ11774250F7B=,small2.pcap.TCP_10-60-45-2_8081_10-80-45-1_33344.pcap
324,2017-12-02 17:38:05.977564,10.60.45.2,10.80.45.1,8081,33344,BG7PZLJZJZ9WA4JLZWMG3D95DFE3A85=,small2.pcap.TCP_10-60-45-2_8081_10-80-45-1_33344.pcap
325,2017-12-02 17:38:05.977564,10.60.45.2,10.80.45.1,8081,33344,PMVAQUCB8MYH3TFDYO0P7CA401CC759=,small2.pcap.TCP_10-60-45-2_8081_10-80-45-1_33344.pcap
326,2017-12-02 17:38:05.977564,10.60.45.2,10.80.45.1,8081,33344,QBKPGCAYK1KH7ZQ3PJPDRFDBA3CF8B8=,small2.pcap.TCP_10-60-45-2_8081_10-80-45-1_33344.pcap
327,2017-12-02 17:38:06.690324,10.60.45.2,10.80.45.1,8081,33344,QS6ZYJMDHN80FTTAGIMFXADAD52781D=,small2.pcap.TCP_10-60-45-2_8081_10-80-45-1_33344.pcap
328,2017-12-02 17:38:06.690324,10.60.45.2,10.80.45.1,8081,33344,HIA0S1W8NF9UQYW6QDZDKE44968A04F=,small2.pcap.TCP_10-60-45-2_8081_10-80-45-1_33344.pcap
329,2017-12-02 17:38:06.690324,10.60.45.2,10.80.45.1,8081,33344,8Z24PYYUMP1AE5BDY2LWL5A59A64186=,small2.pcap.TCP_10-60-45-2_8081_10-80-45-1_33344.pcap
330,2017-12-02 17:38:06.690324,10.60.45.2,10.80.45.1,8081,33344,X7PERVGCR2TF08P3NGT12B4008CBB48=,small2.pcap.TCP_10-60-45-2_8081_10-80-45-1_33344.pcap
331,2017-12-02 17:38:06.690324,10.60.45.2,10.80.45.1,8081,33344,5B5NRZF5SYFVPW4AKB1Q7B7F174DF04=,small2.pcap.TCP_10-60-45-2_8081_10-80-45-1_33344.pcap
332,2017-12-02 17:38:06.690324,10.60.45.2,10.80.45.1,8081,33344,X9FW71T4VAD1BHBL4VFKD28E48F08C7=,small2.pcap.TCP_10-60-45-2_8081_10-80-45-1_33344.pcap
333,2017-12-02 17:38:06.690324,10.60.45.2,10.80.45.1,8081,33344,EU37PEOXR1L1LAJPW7R05B67A13C175=,small2.pcap.TCP_10-60-45-2_8081_10-80-45-1_33344.pcap
334,2017-12-02 17:38:07.245969,10.60.45.2,10.80.45.1,8081,33344,GQ7YG82W7HCM7SM388N24268F685A5E=,small2.pcap.TCP_10-60-45-2_8081_10-80-45-1_33344.pcap
335,2017-12-02 17:38:07.246251,10.60.45.2,10.80.45.1,8081,33344,XXVX59XZM6PFVVDHLXQ4H1A42A5FC34=,small2.pcap.TCP_10-60-45-2_8081_10-80-45-1_33344.pcap
336,2017-12-02 17:38:07.246251,10.60.45.2,10.80.45.1,8081,33344,GAX2OMXT9CGBC8VMNENKQC14FB5829F=,small2.pcap.TCP_10-60-45-2_8081_10-80-45-1_33344.pcap
337,2017-12-02 17:38:07.246251,10.60.45.2,10.80.45.1,8081,33344,K7LIG18SMBHLS20BZV751F12E40314C=,small2.pcap.TCP_10-60-45-2_8081_10-80-45-1_33344.pcap
338,2017-12-02 17:38:07.246348,10.60.45.2,10.80.45.1,8081,33344,NFPCE81CD9MNCFUYQICXE810A121F00=,small2.pcap.TCP_10-60-45-2_8081_10-80-45-1_33344.pcap
339,2017-12-02 17:38:07.246348,10.60.45.2,10.80.45.1,8081,33344,VVIPMG2GG8DQQE1O2BQ74717E6872B0=,small2.pcap.TCP_10-60-45-2_8081_10-80-45-1_33344.pcap
340,2017-12-02 17:38:07.246668,10.60.45.2,10.80.45.1,8081,33344,EM58RFT0XHY26USZ7TRP2D1F09E4EB3=,small2.pcap.TCP_10-60-45-2_8081_10-80-45-1_33344.pcap
341,2017-12-02 17:38:07.246668,10.60.45.2,10.80.45.1,8081,33344,SBG3PRRC2D3P59NSNYYZ279E9FA72AF=,small2.pcap.TCP_10-60-45-2_8081_10-80-45-1_33344.pcap
342,2017-12-02 17:38:07.871532,10.60.45.2,10.80.45.1,8081,33344,S6XU8C8D9RZVLKBW5M7S8596AE7E087=,small2.pcap.TCP_10-60-45-2_8081_10-80-45-1_33344.pcap
343,2017-12-02 17:38:07.871865,10.60.45.2,10.80.45.1,8081,33344,3R84QTZ9VYZID1FO0LTEW53B4288112=,small2.pcap.TCP_10-60-45-2_8081_10-80-45-1_33344.pcap
344,2017-12-02 17:38:07.871865,10.60.45.2,10.80.45.1,8081,33344,THPQIU5WCCNN8C9KCTNR0265D29A10E=,small2.pcap.TCP_10-60-45-2_8081_10-80-45-1_33344.pcap
345,2017-12-02 17:38:07.871865,10.60.45.2,10.80.45.1,8081,33344,IGMZMFP783R6YFJ7VC0HH6FFF480327=,small2.pcap.TCP_10-60-45-2_8081_10-80-45-1_33344.pcap
346,2017-12-02 17:38:07.871865,10.60.45.2,10.80.45.1,8081,33344,MUGQX7XFZFU3KTF01STVLD22C884B4E=,small2.pcap.TCP_10-60-45-2_8081_10-80-45-1_33344.pcap
347,2017-12-02 17:38:07.872269,10.60.45.2,10.80.45.1,8081,33344,H6A56XU4CTW0L84VJRGOKAC9E8A7FA0=,small2.pcap.TCP_10-60-45-2_8081_10-80-45-1_33344.pcap
348,2017-12-02 17:38:10.181568,10.60.45.2,10.80.45.1,8081,33344,J5X07J6UN873K271VZYTBCE41D1198C=,small2.pcap.TCP_10-60-45-2_8081_10-80-45-1_33344.pcap
349,2017-12-02 17:38:10.181931,10.60.45.2,10.80.45.1,8081,33344,J22ZGM55HRDGPFKNZGZN746F296F5EE=,small2.pcap.TCP_10-60-45-2_8081_10-80-45-1_33344.pcap
350,2017-12-02 17:38:10.181931,10.60.45.2,10.80.45.1,8081,33344,7R60Y0YX12F5M3TFF1E256DCB97D7D9=,small2.pcap.TCP_10-60-45-2_8081_10-80-45-1_33344.pcap
351,2017-12-02 17:38:10.181931,10.60.45.2,10.80.45.1,8081,33344,W07SH8YP8OU5E6XS7117E0273E74DC2=,small2.pcap.TCP_10-60-45-2_8081_10-80-45-1_33344.pcap
352,2017-12-02 17:38:10.181931,10.60.45.2,10.80.45.1,8081,33344,QRGTU2WWPT0OA1DENWALVF7AF733CD9=,small2.pcap.TCP_10-60-45-2_8081_10-80-45-1_33344.pcap
353,2017-12-02 17:38:10.181931,10.60.45.2,10.80.45.1,8081,33344,XCF3HK85ZIVP571BRBNP27159DF9B12=,small2.pcap.TCP_10-60-45-2_8081_10-80-45-1_33344.pcap
354,2017-12-02 17:38:10.181931,10.60.45.2,10.80.45.1,8081,33344,VITLXL4BUV7UMXUPX9WGE649EBD6CE5=,small2.pcap.TCP_10-60-45-2_8081_10-80-45-1_33344.pcap
355,2017-12-02 17:38:11.397298,10.60.45.2,10.80.45.1,8081,33344,5J2MK0CPH3YUFEKUO7T5WD14EC7AE79=,small2.pcap.TCP_10-60-45-2_8081_10-80-45-1_33344.pcap
356,2017-12-02 17:38:11.397298,10.60.45.2,10.80.45.1,8081,33344,16ZQ37BQ2P7WU5XE2PIIO13E1EB9EDB=,small2.pcap.TCP_10-60-45-2_8081_10-80-45-1_33344.pcap
357,2017-12-02 17:38:11.397298,10.60.45.2,10.80.45.1,8081,33344,630MRV0T8HN0Y155MC0KC82C4EDFD91=,small2.pcap.TCP_10-60-45-2_8081_10-80-45-1_33344.pcap
358,2017-12-02 17:38:11.397498,10.60.45.2,10.80.45.1,8081,33344,W7MBT302T8RFBODT1MJ55467181E89C=,small2.pcap.TCP_10-60-45-2_8081_10-80-45-1_33344.pcap
359,2017-12-02 17:38:11.397498,10.60.45.2,10.80.45.1,8081,33344,MFWUCT37SUF837DILJS2V064D584F3B=,small2.pcap.TCP_10-60-45-2_8081_10-80-45-1_33344.pcap
360,2017-12-02 17:38:11.397498,10.60.45.2,10.80.45.1,8081,33344,NJ1EUB64D3Z0PWLIF0FH794EF74C993=,small2.pcap.TCP_10-60-45-2_8081_10-80-45-1_33344.pcap
361,2017-12-02 17:38:11.397498,10.60.45.2,10.80.45.1,8081,33344,LLXJF41XNXSSIBA0TX9N0C44D6E33E8=,small2.pcap.TCP_10-60-45-2_8081_10-80-45-1_33344.pcap
362,2017-12-02 17:38:11.988128,10.60.45.2,10.80.45.1,8081,33344,RX0Y4GKD5089VV5MLYJTR935592CF89=,small2.pcap.TCP_10-60-45-2_8081_10-80-45-1_33344.pcap
363,2017-12-02 17:38:19.099611,10.60.45.2,10.80.45.1,8081,33344,C3KE67PJJ41LY2VSSLDRS8666C90D3E=,small2.pcap.TCP_10-60-45-2_8081_10-80-45-1_33344.pcap
364,2017-12-02 17:38:19.099611,10.60.45.2,10.80.45.1,8081,33344,K7E9NSXBREJK8L39CSJIH9C2925B535=,small2.pcap.TCP_10-60-45-2_8081_10-80-45-1_33344.pcap
365,2017-12-02 17:38:19.683584,10.60.45.2,10.80.45.1,8081,33344,X8M2ZE3XWHPWKV33YXEQM71916F6C62=,small2.pcap.TCP_10-60-45-2_8081_10-80-45-1_33344.pcap
366,2017-12-02 17:38:19.683584,10.60.45.2,10.80.45.1,8081,33344,BH34WEW5SZ14E7IO3SCPL47280F3F94=,small2.pcap.TCP_10-60-45-2_8081_10-80-45-1_33344.pcap
367,2017-12-02 17:38:19.684318,10.60.45.2,10.80.45.1,8081,33344,FEE2CWFRC1Q3JU0SFF7T364749E872A=,small2.pcap.TCP_10-60-45-2_8081_10-80-45-1_33344.pcap
368,2017-12-02 17:38:19.684318,10.60.45.2,10.80.45.1,8081,33344,U2PHVVBWQ1DGDL0Q14K6K31E265041B=,small2.pcap.TCP_10-60-45-2_8081_10-80-45-1_33344.pcap
369,2017-12-02 17:38:20.883128,10.60.45.2,10.80.45.1,8081,33344,UQJBIWNBED1ILT61ESDWB32497802D3=,small2.pcap.TCP_10-60-45-2_8081_10-80-45-1_33344.pcap
370,2017-12-02 17:38:20.883128,10.60.45.2,10.80.45.1,8081,33344,LMP1G8HTUZ09TM6E0YKAZA293F3AD7D=,small2.pcap.TCP_10-60-45-2_8081_10-80-45-1_33344.pcap
371,2017-12-02 17:38:20.883128,10.60.45.2,10.80.45.1,8081,33344,C80N7K1HPR1Z71RUI75P0DD1B051E78=,small2.pcap.TCP_10-60-45-2_8081_10-80-45-1_33344.pcap
372,2017-12-02 17:38:20.883128,10.60.45.2,10.80.45.1,8081,33344,YIQFD973450KZ30LCQ5V205C4DD1071=,small2.pcap.TCP_10-60-45-2_8081_10-80-45-1_33344.pcap
373,2017-12-02 17:38:22.070977,10.60.45.2,10.80.45.1,8081,33344,U3U9JG5I24G7L28NV2APBA7A98E9E16=,small2.pcap.TCP_10-60-45-2_8081_10-80-45-1_33344.pcap
374,2017-12-02 17:38:25.224136,10.60.45.2,10.80.45.1,8081,33344,WMA3BZVLRLUQWXE5S11RHCCF95783EE=,small2.pcap.TCP_10-60-45-2_8081_10-80-45-1_33344.pcap
375,2017-12-02 17:38:25.224136,10.60.45.2,10.80.45.1,8081,33344,JERHWT56Z0RFPVVNK00B7C1EE82800B=,small2.pcap.TCP_10-60-45-2_8081_10-80-45-1_33344.pcap
376,2017-12-02 17:38:25.224341,10.60.45.2,10.80.45.1,8081,33344,0YOPKY8SPQUW6UEQQ2XJO130B5B8D1C=,small2.pcap.TCP_10-60-45-2_8081_10-80-45-1_33344.pcap
377,2017-12-02 17:38:25.224341,10.60.45.2,10.80.45.1,8081,33344,EV66M94TOQKEHGITBBQ1BBD0AD5A833=,small2.pcap.TCP_10-60-45-2_8081_10-80-45-1_33344.pcap
378,2017-12-02 17:38:32.404118,10.60.45.2,10.80.45.1,8081,33344,PX5UILJA55HA6RBR5EU1ZAC82BB07DD=,small2.pcap.TCP_10-60-45-2_8081_10-80-45-1_33344.pcap
379,2017-12-02 17:38:32.404254,10.60.45.2,10.80.45.1,8081,33344,DFYHELQIXGHZLGV3NRBG2AF67B427CF=,small2.pcap.TCP_10-60-45-2_8081_10-80-45-1_33344.pcap
380,2017-12-02 17:38:32.404254,10.60.45.2,10.80.45.1,8081,33344,IRAF1THT86UO6VZR6QJKC9FA29BFB21=,small2.pcap.TCP_10-60-45-2_8081_10-80-45-1_33344.pcap
381,2017-12-02 17:38:32.404572,10.60.45.2,10.80.45.1,8081,33344,0CO122XIZFPD7BWTQP88KC3A71A928F=,small2.pcap.TCP_10-60-45-2_8081_10-80-45-1_33344.pcap
382,2017-12-02 17:38:32.404572,10.60.45.2,10.80.45.1,8081,33344,BQWT4O2R8DQKFAMK88XAV32967A48EE=,small2.pcap.TCP_10-60-45-2_8081_10-80-45-1_33344.pcap
383,2017-12-02 17:38:33.089882,10.60.45.2,10.80.45.1,8081,33344,XXD4I4PENIC25ZTY0L0T193B77F6FC3=,small2.pcap.TCP_10-60-45-2_8081_10-80-45-1_33344.pcap
384,2017-12-02 17:38:33.089882,10.60.45.2,10.80.45.1,8081,33344,FSLWPNJEU4OXXLPJC7D871DF56B803E=,small2.pcap.TCP_10-60-45-2_8081_10-80-45-1_33344.pcap
385,2017-12-02 17:38:33.089882,10.60.45.2,10.80.45.1,8081,33344,J4745L5G941BVO2WOXMR6E637ABB8F3=,small2.pcap.TCP_10-60-45-2_8081_10-80-45-1_33344.pcap
386,2017-12-02 17:36:56.113552,10.60.45.2,10.80.45.1,4280,43614,1AG359TGGAGG7AKT5XTIO8KHYYLX0OS=,small.pcap.TCP_10-60-45-2_4280_10-80-45-1_43614.pcap
387,2017-12-02 17:38:05.384080,10.60.45.2,10.80.45.1,8081,33344,324EPKMOPGMLUYD24QH9GCBF26FF3EE=,small2.pcap.TCP_10-60-45-2_8081_10-80-45-1_33344.pcap
388,2017-12-02 17:38:05.384080,10.60.45.2,10.80.45.1,8081,33344,NKWDJTB9B216B50XAYU1Y06ACABFB98=,small2.pcap.TCP_10-60-45-2_8081_10-80-45-1_33344.pcap
389,2017-12-02 17:38:05.384080,10.60.45.2,10.80.45.1,8081,33344,R0OXFPF14BZRS5JAM95B330BBE04536=,small2.pcap.TCP_10-60-45-2_8081_10-80-45-1_33344.pcap
390,2017-12-02 17:38:05.384113,10.60.45.2,10.80.45.1,8081,33344,1N2PL2PXM7RLUTU7YR0MFFA1BEEEC1B=,small2.pcap.TCP_10-60-45-2_8081_10-80-45-1_33344.pcap
391,2017-12-02 17:38:05.384113,10.60.45.2,10.80.45.1,8081,33344,QD9LESUCB3PUQDZQ7PYBH555C58E3F6=,small2.pcap.TCP_10-60-45-2_8081_10-80-45-1_33344.pcap
392,2017-12-02 17:38:05.384113,10.60.45.2,10.80.45.1,8081,33344,EK7HO7VGADHGESIBM468J25350ABDA2=,small2.pcap.TCP_10-60-45-2_8081_10-80-45-1_33344.pcap
393,2017-12-02 17:38:05.384113,10.60.45.2,10.80.45.1,8081,33344,NALDBOSOSYENRGU1VWA5Z645F801D30=,small2.pcap.TCP_10-60-45-2_8081_10-80-45-1_33344.pcap
394,2017-12-02 17:38:05.384113,10.60.45.2,10.80.45.1,8081,33344,HTH4X9OS9WY4UQEYMSYD606E19944DA=,small2.pcap.TCP_10-60-45-2_8081_10-80-45-1_33344.pcap
395,2017-12-02 17:38:05.384113,10.60.45.2,10.80.45.1,8081,33344,R3348WKR326VQEANTGC071F310D8C00=,small2.pcap.TCP_10-60-45-2_8081_10-80-45-1_33344.pcap
396,2017-12-02 17:38:05.384113,10.60.45.2,10.80.45.1,8081,33344,UP8RHZ33Q1UKR1111GHKED8D4223119=,small2.pcap.TCP_10-60-45-2_8081_10-80-45-1_33344.pcap
397,2017-12-02 17:38:05.384113,10.60.45.2,10.80.45.1,8081,33344,XZ8OVSRUPI09FN9W000UA31A5A0FFA5=,small2.pcap.TCP_10-60-45-2_8081_10-80-45-1_33344.pcap
398,2017-12-02 17:38:05.384113,10.60.45.2,10.80.45.1,8081,33344,J8U0E4ZR2KVN010HHEZ3M1FACBB279A=,small2.pcap.TCP_10-60-45-2_8081_10-80-45-1_33344.pcap
399,2017-12-02 17:38:05.384113,10.60.45.2,10.80.45.1,8081,33344,1LMI9EVIB0HCH0SKZ92SZE132CE7FA2=,small2.pcap.TCP_10-60-45-2_8081_10-80-45-1_33344.pcap
400,2017-12-02 17:38:05.977564,10.60.45.2,10.80.45.1,8081,33344,M1SJB6U2SRZCV19XWKFZ11774250F7B=,small2.pcap.TCP_10-60-45-2_8081_10-80-45-1_33344.pcap
401,2017-12-02 17:38:05.977564,10.60.45.2,10.80.45.1,8081,33344,BG7PZLJZJZ9WA4JLZWMG3D95DFE3A85=,small2.pcap.TCP_10-60-45-2_8081_10-80-45-1_33344.pcap
402,2017-12-02 17:38:05.977564,10.60.45.2,10.80.45.1,8081,33344,PMVAQUCB8MYH3TFDYO0P7CA401CC759=,small2.pcap.TCP_10-60-45-2_8081_10-80-45-1_33344.pcap
403,2017-12-02 17:38:05.977564,10.60.45.2,10.80.45.1,8081,33344,QBKPGCAYK1KH7ZQ3PJPDRFDBA3CF8B8=,small2.pcap.TCP_10-60-45-2_8081_10-80-45-1_33344.pcap
404,2017-12-02 17:38:06.690324,10.60.45.2,10.80.45.1,8081,33344,QS6ZYJMDHN80FTTAGIMFXADAD52781D=,small2.pcap.TCP_10-60-45-2_8081_10-80-45-1_33344.pcap
405,2017-12-02 17:38:06.690324,10.60.45.2,10.80.45.1,8081,33344,HIA0S1W8NF9UQYW6QDZDKE44968A04F=,small2.pcap.TCP_10-60-45-2_8081_10-80-45-1_33344.pcap
406,2017-12-02 17:38:06.690324,10.60.45.2,10.80.45.1,8081,33344,8Z24PYYUMP1AE5BDY2LWL5A59A64186=,small2.pcap.TCP_10-60-45-2_8081_10-80-45-1_33344.pcap
407,2017-12-02 17:38:06.690324,10.60.45.2,10.80.45.1,8081,33344,X7PERVGCR2TF08P3NGT12B4008CBB48=,small2.pcap.TCP_10-60-45-2_8081_10-80-45-1_33344.pcap
408,2017-12-02 17:38:06.690324,10.60.45.2,10.80.45.1,8081,33344,5B5NRZF5SYFVPW4AKB1Q7B7F174DF04=,small2.pcap.TCP_10-60-45-2_8081_10-80-45-1_33344.pcap
409,2017-12-02 17:38:06.690324,10.60.45.2,10.80.45.1,8081,33344,X9FW71T4VAD1BHBL4VFKD28E48F08C7=,small2.pcap.TCP_10-60-45-2_8081_10-80-45-1_33344.pcap
410,2017-12-02 17:38:06.690324,10.60.45.2,10.80.45.1,8081,33344,EU37PEOXR1L1LAJPW7R05B67A13C175=,small2.pcap.TCP_10-60-45-2_8081_10-80-45-1_33344.pcap
411,2017-12-02 17:38:07.245969,10.60.45.2,10.80.45.1,8081,33344,GQ7YG82W7HCM7SM388N24268F685A5E=,small2.pcap.TCP_10-60-45-2_8081_10-80-45-1_33344.pcap
412,2017-12-02 17:38:07.246251,10.60.45.2,10.80.45.1,8081,33344,XXVX59XZM6PFVVDHLXQ4H1A42A5FC34=,small2.pcap.TCP_10-60-45-2_8081_10-80-45-1_33344.pcap
413,2017-12-02 17:38:07.246251,10.60.45.2,10.80.45.1,8081,33344,GAX2OMXT9CGBC8VMNENKQC14FB5829F=,small2.pcap.TCP_10-60-45-2_8081_10-80-45-1_33344.pcap
414,2017-12-02 17:38:07.246251,10.60.45.2,10.80.45.1,8081,33344,K7LIG18SMBHLS20BZV751F12E40314C=,small2.pcap.TCP_10-60-45-2_8081_10-80-45-1_33344.pcap
415,2017-12-02 17:38:07.246348,10.60.45.2,10.80.45.1,8081,33344,NFPCE81CD9MNCFUYQICXE810A121F00=,small2.pcap.TCP_10-60-45-2_8081_10-80-45-1_33344.pcap
416,2017-12-02 17:38:07.246348,10.60.45.2,10.80.45.1,8081,33344,VVIPMG2GG8DQQE1O2BQ74717E6872B0=,small2.pcap.TCP_10-60-45-2_8081_10-80-45-1_33344.pcap
417,2017-12-02 17:38:07.246668,10.60.45.2,10.80.45.1,8081,33344,EM58RFT0XHY26USZ7TRP2D1F09E4EB3=,small2.pcap.TCP_10-60-45-2_8081_10-80-45-1_33344.pcap
418,2017-12-02 17:38:07.246668,10.60.45.2,10.80.45.1,8081,33344,SBG3PRRC2D3P59NSNYYZ279E9FA72AF=,small2.pcap.TCP_10-60-45-2_8081_10-80-45-1_33344.pcap
419,2017-12-02 17:38:07.871532,10.60.45.2,10.80.45.1,8081,33344,S6XU8C8D9RZVLKBW5M7S8596AE7E087=,small2.pcap.TCP_10-60-45-2_8081_10-80-45-1_33344.pcap
420,2017-12-02 17:38:07.871865,10.60.45.2,10.80.45.1,8081,33344,3R84QTZ9VYZID1FO0LTEW53B4288112=,small2.pcap.TCP_10-60-45-2_8081_10-80-45-1_33344.pcap
421,2017-12-02 17:38:07.871865,10.60.45.2,10.80.45.1,8081,33344,THPQIU5WCCNN8C9KCTNR0265D29A10E=,small2.pcap.TCP_10-60-45-2_8081_10-80-45-1_33344.pcap
422,2017-12-02 17:38:07.871865,10.60.45.2,10.80.45.1,8081,33344,IGMZMFP783R6YFJ7VC0HH6FFF480327=,small2.pcap.TCP_10-60-45-2_8081_10-80-45-1_33344.pcap
423,2017-12-02 17:38:07.871865,10.60.45.2,10.80.45.1,8081,33344,MUGQX7XFZFU3KTF01STVLD22C884B4E=,small2.pcap.TCP_10-60-45-2_8081_10-80-45-1_33344.pcap
424,2017-12-02 17:38:07.872269,10.60.45.2,10.80.45.1,8081,33344,H6A56XU4CTW0L84VJRGOKAC9E8A7FA0=,small2.pcap.TCP_10-60-45-2_8081_10-80-45-1_33344.pcap
425,2017-12-02 17:38:10.181568,10.60.45.2,10.80.45.1,8081,33344,J5X07J6UN873K271VZYTBCE41D1198C=,small2.pcap.TCP_10-60-45-2_8081_10-80-45-1_33344.pcap
426,2017-12-02 17:38:10.181931,10.60.45.2,10.80.45.1,8081,33344,J22ZGM55HRDGPFKNZGZN746F296F5EE=,small2.pcap.TCP_10-60-45-2_8081_10-80-45-1_33344.pcap
427,2017-12-02 17:38:10.181931,10.60.45.2,10.80.45.1,8081,33344,7R60Y0YX12F5M3TFF1E256DCB97D7D9=,small2.pcap.TCP_10-60-45-2_8081_10-80-45-1_33344.pcap
428,2017-12-02 17:38:10.181931,10.60.45.2,10.80.45.1,8081,33344,W07SH8YP8OU5E6XS7117E0273E74DC2=,small2.pcap.TCP_10-60-45-2_8081_10-80-45-1_33344.pcap
429,2017-12-02 17:38:10.181931,10.60.45.2,10.80.45.1,8081,33344,QRGTU2WWPT0OA1DENWALVF7AF733CD9=,small2.pcap.TCP_10-60-45-2_8081_10-80-45-1_33344.pcap
430,2017-12-02 17:38:10.181931,10.60.45.2,10.80.45.1,8081,33344,XCF3HK85ZIVP571BRBNP27159DF9B12=,small2.pcap.TCP_10-60-45-2_8081_10-80-45-1_33344.pcap
431,2017-12-02 17:38:10.181931,10.60.45.2,10.80.45.1,8081,33344,VITLXL4BUV7UMXUPX9WGE649EBD6CE5=,small2.pcap.TCP_10-60-45-2_8081_10-80-45-1_33344.pcap
432,2017-12-02 17:38:11.397298,10.60.45.2,10.80.45.1,8081,33344,5J2MK0CPH3YUFEKUO7T5WD14EC7AE79=,small2.pcap.TCP_10-60-45-2_8081_10-80-45-1_33344.pcap
433,2017-12-02 17:38:11.397298,10.60.45.2,10.80.45.1,8081,33344,16ZQ37BQ2P7WU5XE2PIIO13E1EB9EDB=,small2.pcap.TCP_10-60-45-2_8081_10-80-45-1_33344.pcap
434,2017-12-02 17:38:11.397298,10.60.45.2,10.80.45.1,8081,33344,630MRV0T8HN0Y155MC0KC82C4EDFD91=,small2.pcap.TCP_10-60-45-2_8081_10-80-45-1_33344.pcap
435,2017-12-02 17:38:11.397498,10.60.45.2,10.80.45.1,8081,33344,W7MBT302T8RFBODT1MJ55467181E89C=,small2.pcap.TCP_10-60-45-2_8081_10-80-45-1_33344.pcap
436,2017-12-02 17:38:11.397498,10.60.45.2,10.80.45.1,8081,33344,MFWUCT37SUF837DILJS2V064D584F3B=,small2.pcap.TCP_10-60-45-2_8081_10-80-45-1_33344.pcap
437,2017-12-02 17:38:11.397498,10.60.45.2,10.80.45.1,8081,33344,NJ1EUB64D3Z0PWLIF0FH794EF74C993=,small2.pcap.TCP_10-60-45-2_8081_10-80-45-1_33344.pcap
438,2017-12-02 17:38:11.397498,10.60.45.2,10.80.45.1,8081,33344,LLXJF41XNXSSIBA0TX9N0C44D6E33E8=,small2.pcap.TCP_10-60-45-2_8081_10-80-45-1_33344.pcap
439,2017-12-02 17:38:11.988128,10.60.45.2,10.80.45.1,8081,33344,RX0Y4GKD5089VV5MLYJTR935592CF89=,small2.pcap.TCP_10-60-45-2_8081_10-80-45-1_33344.pcap
440,2017-12-02 17:38:19.099611,10.60.45.2,10.80.45.1,8081,33344,C3KE67PJJ41LY2VSSLDRS8666C90D3E=,small2.pcap.TCP_10-60-45-2_8081_10-80-45-1_33344.pcap
441,2017-12-02 17:38:19.099611,10.60.45.2,10.80.45.1,8081,33344,K7E9NSXBREJK8L39CSJIH9C2925B535=,small2.pcap.TCP_10-60-45-2_8081_10-80-45-1_33344.pcap
442,2017-12-02 17:38:19.683584,10.60.45.2,10.80.45.1,8081,33344,X8M2ZE3XWHPWKV33YXEQM71916F6C62=,small2.pcap.TCP_10-60-45-2_8081_10-80-45-1_33344.pcap
443,2017-12-02 17:38:19.683584,10.60.45.2,10.80.45.1,8081,33344,BH34WEW5SZ14E7IO3SCPL47280F3F94=,small2.pcap.TCP_10-60-45-2_8081_10-80-45-1_33344.pcap
444,2017-12-02 17:38:19.684318,10.60.45.2,10.80.45.1,8081,33344,FEE2CWFRC1Q3JU0SFF7T364749E872A=,small2.pcap.TCP_10-60-45-2_8081_10-80-45-1_33344.pcap
445,2017-12-02 17:38:19.684318,10.60.45.2,10.80.45.1,8081,33344,U2PHVVBWQ1DGDL0Q14K6K31E265041B=,small2.pcap.TCP_10-60-45-2_8081_10-80-45-1_33344.pcap
446,2017-12-02 17:38:20.883128,10.60.45.2,10.80.45.1,8081,33344,UQJBIWNBED1ILT61ESDWB32497802D3=,small2.pcap.TCP_10-60-45-2_8081_10-80-45-1_33344.pcap
447,2017-12-02 17:38:20.883128,10.60.45.2,10.80.45.1,8081,33344,LMP1G8HTUZ09TM6E0YKAZA293F3AD7D=,small2.pcap.TCP_10-60-45-2_8081_10-80-45-1_33344.pcap
448,2017-12-02 17:38:20.883128,10.60.45.2,10.80.45.1,8081,33344,C80N7K1HPR1Z71RUI75P0DD1B051E78=,small2.pcap.TCP_10-60-45-2_8081_10-80-45-1_33344.pcap
449,2017-12-02 17:38:20.883128,10.60.45.2,10.80.45.1,8081,33344,YIQFD973450KZ30LCQ5V205C4DD1071=,small2.pcap.TCP_10-60-45-2_8081_10-80-45-1_33344.pcap
450,2017-12-02 17:38:22.070977,10.60.45.2,10.80.45.1,8081,33344,U3U9JG5I24G7L28NV2APBA7A98E9E16=,small2.pcap.TCP_10-60-45-2_8081_10-80-45-1_33344.pcap
451,2017-12-02 17:38:25.224136,10.60.45.2,10.80.45.1,8081,33344,WMA3BZVLRLUQWXE5S11RHCCF95783EE=,small2.pcap.TCP_10-60-45-2_8081_10-80-45-1_33344.pcap
452,2017-12-02 17:38:25.224136,10.60.45.2,10.80.45.1,8081,33344,JERHWT56Z0RFPVVNK00B7C1EE82800B=,small2.pcap.TCP_10-60-45-2_8081_10-80-45-1_33344.pcap
453,2017-12-02 17:38:25.224341,10.60.45.2,10.80.45.1,8081,33344,0YOPKY8SPQUW6UEQQ2XJO130B5B8D1C=,small2.pcap.TCP_10-60-45-2_8081_10-80-45-1_33344.pcap
454,2017-12-02 17:38:25.224341,10.60.45.2,10.80.45.1,8081,33344,EV66M94TOQKEHGITBBQ1BBD0AD5A833=,small2.pcap.TCP_10-60-45-2_8081_10-80-45-1_33344.pcap
455,2017-12-02 17:38:32.404118,10.60.45.2,10.80.45.1,8081,33344,PX5UILJA55HA6RBR5EU1ZAC82BB07DD=,small2.pcap.TCP_10-60-45-2_8081_10-80-45-1_33344.pcap
456,2017-12-02 17:38:32.404254,10.60.45.2,10.80.45.1,8081,33344,DFYHELQIXGHZLGV3NRBG2AF67B427CF=,small2.pcap.TCP_10-60-45-2_8081_10-80-45-1_33344.pcap
457,2017-12-02 17:38:32.404254,10.60.45.2,10.80.45.1,8081,33344,IRAF1THT86UO6VZR6QJKC9FA29BFB21=,small2.pcap.TCP_10-60-45-2_8081_10-80-45-1_33344.pcap
458,2017-12-02 17:38:32.404572,10.60.45.2,10.80.45.1,8081,33344,0CO122XIZFPD7BWTQP88KC3A71A928F=,small2.pcap.TCP_10-60-45-2_8081_10-80-45-1_33344.pcap
459,2017-12-02 17:38:32.404572,10.60.45.2,10.80.45.1,8081,33344,BQWT4O2R8DQKFAMK88XAV32967A48EE=,small2.pcap.TCP_10-60-45-2_8081_10-80-45-1_33344.pcap
460,2017-12-02 17:38:33.089882,10.60.45.2,10.80.45.1,8081,33344,XXD4I4PENIC25ZTY0L0T193B77F6FC3=,small2.pcap.TCP_10-60-45-2_8081_10-80-45-1_33344.pcap
461,2017-12-02 17:38:33.089882,10.60.45.2,10.80.45.1,8081,33344,FSLWPNJEU4OXXLPJC7D871DF56B803E=,small2.pcap.TCP_10-60-45-2_8081_10-80-45-1_33344.pcap
462,2017-12-02 17:38:33.089882,10.60.45.2,10.80.45.1,8081,33344,J4745L5G941BVO2WOXMR6E637ABB8F3=,small2.pcap.TCP_10-60-45-2_8081_10-80-45-1_33344.pcap
463,2017-12-02 17:36:56.113552,10.60.45.2,10.80.45.1,4280,43614,1AG359TGGAGG7AKT5XTIO8KHYYLX0OS=,small.pcap.TCP_10-60-45-2_4280_10-80-45-1_43614.pcap
464,2017-12-02 17:38:05.384080,10.60.45.2,10.80.45.1,8081,33344,324EPKMOPGMLUYD24QH9GCBF26FF3EE=,small2.pcap.TCP_10-60-45-2_8081_10-80-45-1_33344.pcap
465,2017-12-02 17:38:05.384080,10.60.45.2,10.80.45.1,8081,33344,NKWDJTB9B216B50XAYU1Y06ACABFB98=,small2.pcap.TCP_10-60-45-2_8081_10-80-45-1_33344.pcap
466,2017-12-02 17:38:05.384080,10.60.45.2,10.80.45.1,8081,33344,R0OXFPF14BZRS5JAM95B330BBE04536=,small2.pcap.TCP_10-60-45-2_8081_10-80-45-1_33344.pcap
467,2017-12-02 17:38:05.384113,10.60.45.2,10.80.45.1,8081,33344,1N2PL2PXM7RLUTU7YR0MFFA1BEEEC1B=,small2.pcap.TCP_10-60-45-2_8081_10-80-45-1_33344.pcap
468,2017-12-02 17:38:05.384113,10.60.45.2,10.80.45.1,8081,33344,QD9LESUCB3PUQDZQ7PYBH555C58E3F6=,small2.pcap.TCP_10-60-45-2_8081_10-80-45-1_33344.pcap
469,2017-12-02 17:38:05.384113,10.60.45.2,10.80.45.1,8081,33344,EK7HO7VGADHGESIBM468J25350ABDA2=,small2.pcap.TCP_10-60-45-2_8081_10-80-45-1_33344.pcap
470,2017-12-02 17:38:05.384113,10.60.45.2,10.80.45.1,8081,33344,NALDBOSOSYENRGU1VWA5Z645F801D30=,small2.pcap.TCP_10-60-45-2_8081_10-80-45-1_33344.pcap
471,2017-12-02 17:38:05.384113,10.60.45.2,10.80.45.1,8081,33344,HTH4X9OS9WY4UQEYMSYD606E19944DA=,small2.pcap.TCP_10-60-45-2_8081_10-80-45-1_33344.pcap
472,2017-12-02 17:38:05.384113,10.60.45.2,10.80.45.1,8081,33344,R3348WKR326VQEANTGC071F310D8C00=,small2.pcap.TCP_10-60-45-2_8081_10-80-45-1_33344.pcap
473,2017-12-02 17:38:05.384113,10.60.45.2,10.80.45.1,8081,33344,UP8RHZ33Q1UKR1111GHKED8D4223119=,small2.pcap.TCP_10-60-45-2_8081_10-80-45-1_33344.pcap
474,2017-12-02 17:38:05.384113,10.60.45.2,10.80.45.1,8081,33344,XZ8OVSRUPI09FN9W000UA31A5A0FFA5=,small2.pcap.TCP_10-60-45-2_8081_10-80-45-1_33344.pcap
475,2017-12-02 17:38:05.384113,10.60.45.2,10.80.45.1,8081,33344,J8U0E4ZR2KVN010HHEZ3M1FACBB279A=,small2.pcap.TCP_10-60-45-2_8081_10-80-45-1_33344.pcap
476,2017-12-02 17:38:05.384113,10.60.45.2,10.80.45.1,8081,33344,1LMI9EVIB0HCH0SKZ92SZE132CE7FA2=,small2.pcap.TCP_10-60-45-2_8081_10-80-45-1_33344.pcap
477,2017-12-02 17:38:05.977564,10.60.45.2,10.80.45.1,8081,33344,M1SJB6U2SRZCV19XWKFZ11774250F7B=,small2.pcap.TCP_10-60-45-2_8081_10-80-45-1_33344.pcap
478,2017-12-02 17:38:05.977564,10.60.45.2,10.80.45.1,8081,33344,BG7PZLJZJZ9WA4JLZWMG3D95DFE3A85=,small2.pcap.TCP_10-60-45-2_8081_10-80-45-1_33344.pcap
479,2017-12-02 17:38:05.977564,10.60.45.2,10.80.45.1,8081,33344,PMVAQUCB8MYH3TFDYO0P7CA401CC759=,small2.pcap.TCP_10-60-45-2_8081_10-80-45-1_33344.pcap
480,2017-12-02 17:38:05.977564,10.60.45.2,10.80.45.1,8081,33344,QBKPGCAYK1KH7ZQ3PJPDRFDBA3CF8B8=,small2.pcap.TCP_10-60-45-2_8081_10-80-45-1_33344.pcap
481,2017-12-02 17:38:06.690324,10.60.45.2,10.80.45.1,8081,33344,QS6ZYJMDHN80FTTAGIMFXADAD52781D=,small2.pcap.TCP_10-60-45-2_8081_10-80-45-1_33344.pcap
482,2017-12-02 17:38:06.690324,10.60.45.2,10.80.45.1,8081,33344,HIA0S1W8NF9UQYW6QDZDKE44968A04F=,small2.pcap.TCP_10-60-45-2_8081_10-80-45-1_33344.pcap
483,2017-12-02 17:38:06.690324,10.60.45.2,10.80.45.1,8081,33344,8Z24PYYUMP1AE5BDY2LWL5A59A64186=,small2.pcap.TCP_10-60-45-2_8081_10-80-45-1_33344.pcap
484,2017-12-02 17:38:06.690324,10.60.45.2,10.80.45.1,8081,33344,X7PERVGCR2TF08P3NGT12B4008CBB48=,small2.pcap.TCP_10-60-45-2_8081_10-80-45-1_33344.pcap
485,2017-12-02 17:38:06.690324,10.60.45.2,10.80.45.1,8081,33344,5B5NRZF5SYFVPW4AKB1Q7B7F174DF04=,small2.pcap.TCP_10-60-45-2_8081_10-80-45-1_33344.pcap
486,2017-12-02 17:38:06.690324,10.60.45.2,10.80.45.1,8081,33344,X9FW71T4VAD1BHBL4VFKD28E48F08C7=,small2.pcap.TCP_10-60-45-2_8081_10-80-45-1_33344.pcap
487,2017-12-02 17:38:06.690324,10.60.45.2,10.80.45.1,8081,33344,EU37PEOXR1L1LAJPW7R05B67A13C175=,small2.pcap.TCP_10-60-45-2_8081_10-80-45-1_33344.pcap
488,2017-12-02 17:38:07.245969,10.60.45.2,10.80.45.1,8081,33344,GQ7YG82W7HCM7SM388N24268F685A5E=,small2.pcap.TCP_10-60-45-2_8081_10-80-45-1_33344.pcap
489,2017-12-02 17:38:07.246251,10.60.45.2,10.80.45.1,8081,33344,XXVX59XZM6PFVVDHLXQ4H1A42A5FC34=,small2.pcap.TCP_10-60-45-2_8081_10-80-45-1_33344.pcap
490,2017-12-02 17:38:07.246251,10.60.45.2,10.80.45.1,8081,33344,GAX2OMXT9CGBC8VMNENKQC14FB5829F=,small2.pcap.TCP_10-60-45-2_8081_10-80-45-1_33344.pcap
491,2017-12-02 17:38:07.246251,10.60.45.2,10.80.45.1,8081,33344,K7LIG18SMBHLS20BZV751F12E40314C=,small2.pcap.TCP_10-60-45-2_8081_10-80-45-1_33344.pcap
492,2017-12-02 17:38:07.246348,10.60.45.2,10.80.45.1,8081,33344,NFPCE81CD9MNCFUYQICXE810A121F00=,small2.pcap.TCP_10-60-45-2_8081_10-80-45-1_33344.pcap
493,2017-12-02 17:38:07.246348,10.60.45.2,10.80.45.1,8081,33344,VVIPMG2GG8DQQE1O2BQ74717E6872B0=,small2.pcap.TCP_10-60-45-2_8081_10-80-45-1_33344.pcap
494,2017-12-02 17:38:07.246668,10.60.45.2,10.80.45.1,8081,33344,EM58RFT0XHY26USZ7TRP2D1F09E4EB3=,small2.pcap.TCP_10-60-45-2_8081_10-80-45-1_33344.pcap
495,2017-12-02 17:38:07.246668,10.60.45.2,10.80.45.1,8081,33344,SBG3PRRC2D3P59NSNYYZ279E9FA72AF=,small2.pcap.TCP_10-60-45-2_8081_10-80-45-1_33344.pcap
496,2017-12-02 17:38:07.871532,10.60.45.2,10.80.45.1,8081,33344,S6XU8C8D9RZVLKBW5M7S8596AE7E087=,small2.pcap.TCP_10-60-45-2_8081_10-80-45-1_33344.pcap
497,2017-12-02 17:38:07.871865,10.60.45.2,10.80.45.1,8081,33344,3R84QTZ9VYZID1FO0LTEW53B4288112=,small2.pcap.TCP_10-60-45-2_8081_10-80-45-1_33344.pcap
498,2017-12-02 17:38:07.871865,10.60.45.2,10.80.45.1,8081,33344,THPQIU5WCCNN8C9KCTNR0265D29A10E=,small2.pcap.TCP_10-60-45-2_8081_10-80-45-1_33344.pcap
499,2017-12-02 17:38:07.871865,10.60.45.2,10.80.45.1,8081,33344,IGMZMFP783R6YFJ7VC0HH6FFF480327=,small2.pcap.TCP_10-60-45-2_8081_10-80-45-1_33344.pcap
500,2017-12-02 17:38:07.871865,10.60.45.2,10.80.45.1,8081,33344,MUGQX7XFZFU3KTF01STVLD22C884B4E=,small2.pcap.TCP_10-60-45-2_8081_10-80-45-1_33344.pcap
501,2017-12-02 17:38:07.872269,10.60.45.2,10.80.45.1,8081,33344,H6A56XU4CTW0L84VJRGOKAC9E8A7FA0=,small2.pcap.TCP_10-60-45-2_8081_10-80-45-1_33344.pcap
502,2017-12-02 17:38:10.181568,10.60.45.2,10.80.45.1,8081,33344,J5X07J6UN873K271VZYTBCE41D1198C=,small2.pcap.TCP_10-60-45-2_8081_10-80-45-1_33344.pcap
503,2017-12-02 17:38:10.181931,10.60.45.2,10.80.45.1,8081,33344,J22ZGM55HRDGPFKNZGZN746F296F5EE=,small2.pcap.TCP_10-60-45-2_8081_10-80-45-1_33344.pcap
504,2017-12-02 17:38:10.181931,10.60.45.2,10.80.45.1,8081,33344,7R60Y0YX12F5M3TFF1E256DCB97D7D9=,small2.pcap.TCP_10-60-45-2_8081_10-80-45-1_33344.pcap
505,2017-12-02 17:38:10.181931,10.60.45.2,10.80.45.1,8081,33344,W07SH8YP8OU5E6XS7117E0273E74DC2=,small2.pcap.TCP_10-60-45-2_8081_10-80-45-1_33344.pcap
506,2017-12-02 17:38:10.181931,10.60.45.2,10.80.45.1,8081,33344,QRGTU2WWPT0OA1DENWALVF7AF733CD9=,small2.pcap.TCP_10-60-45-2_8081_10-80-45-1_33344.pcap
507,2017-12-02 17:38:10.181931,10.60.45.2,10.80.45.1,8081,33344,XCF3HK85ZIVP571BRBNP27159DF9B12=,small2.pcap.TCP_10-60-45-2_8081_10-80-45-1_33344.pcap
508,2017-12-02 17:38:10.181931,10.60.45.2,10.80.45.1,8081,33344,VITLXL4BUV7UMXUPX9WGE649EBD6CE5=,small2.pcap.TCP_10-60-45-2_8081_10-80-45-1_33344.pcap
509,2017-12-02 17:38:11.397298,10.60.45.2,10.80.45.1,8081,33344,5J2MK0CPH3YUFEKUO7T5WD14EC7AE79=,small2.pcap.TCP_10-60-45-2_8081_10-80-45-1_33344.pcap
510,2017-12-02 17:38:11.397298,10.60.45.2,10.80.45.1,8081,33344,16ZQ37BQ2P7WU5XE2PIIO13E1EB9EDB=,small2.pcap.TCP_10-60-45-2_8081_10-80-45-1_33344.pcap
511,2017-12-02 17:38:11.397298,10.60.45.2,10.80.45.1,8081,33344,630MRV0T8HN0Y155MC0KC82C4EDFD91=,small2.pcap.TCP_10-60-45-2_8081_10-80-45-1_33344.pcap
512,2017-12-02 17:38:11.397498,10.60.45.2,10.80.45.1,8081,33344,W7MBT302T8RFBODT1MJ55467181E89C=,small2.pcap.TCP_10-60-45-2_8081_10-80-45-1_33344.pcap
513,2017-12-02 17:38:11.397498,10.60.45.2,10.80.45.1,8081,33344,MFWUCT37SUF837DILJS2V064D584F3B=,small2.pcap.TCP_10-60-45-2_8081_10-80-45-1_33344.pcap
514,2017-12-02 17:38:11.397498,10.60.45.2,10.80.45.1,8081,33344,NJ1EUB64D3Z0PWLIF0FH794EF74C993=,small2.pcap.TCP_10-60-45-2_8081_10-80-45-1_33344.pcap
515,2017-12-02 17:38:11.397498,10.60.45.2,10.80.45.1,8081,33344,LLXJF41XNXSSIBA0TX9N0C44D6E33E8=,small2.pcap.TCP_10-60-45-2_8081_10-80-45-1_33344.pcap
516,2017-12-02 17:38:11.988128,10.60.45.2,10.80.45.1,8081,33344,RX0Y4GKD5089VV5MLYJTR935592CF89=,small2.pcap.TCP_10-60-45-2_8081_10-80-45-1_33344.pcap
517,2017-12-02 17:38:19.099611,10.60.45.2,10.80.45.1,8081,33344,C3KE67PJJ41LY2VSSLDRS8666C90D3E=,small2.pcap.TCP_10-60-45-2_8081_10-80-45-1_33344.pcap
518,2017-12-02 17:38:19.099611,10.60.45.2,10.80.45.1,8081,33344,K7E9NSXBREJK8L39CSJIH9C2925B535=,small2.pcap.TCP_10-60-45-2_8081_10-80-45-1_33344.pcap
519,2017-12-02 17:38:19.683584,10.60.45.2,10.80.45.1,8081,33344,X8M2ZE3XWHPWKV33YXEQM71916F6C62=,small2.pcap.TCP_10-60-45-2_8081_10-80-45-1_33344.pcap
520,2017-12-02 17:38:19.683584,10.60.45.2,10.80.45.1,8081,33344,BH34WEW5SZ14E7IO3SCPL47280F3F94=,small2.pcap.TCP_10-60-45-2_8081_10-80-45-1_33344.pcap
521,2017-12-02 17:38:19.684318,10.60.45.2,10.80.45.1,8081,33344,FEE2CWFRC1Q3JU0SFF7T364749E872A=,small2.pcap.TCP_10-60-45-2_8081_10-80-45-1_33344.pcap
522,2017-12-02 17:38:19.684318,10.60.45.2,10.80.45.1,8081,33344,U2PHVVBWQ1DGDL0Q14K6K31E265041B=,small2.pcap.TCP_10-60-45-2_8081_10-80-45-1_33344.pcap
523,2017-12-02 17:38:20.883128,10.60.45.2,10.80.45.1,8081,33344,UQJBIWNBED1ILT61ESDWB32497802D3=,small2.pcap.TCP_10-60-45-2_8081_10-80-45-1_33344.pcap
524,2017-12-02 17:38:20.883128,10.60.45.2,10.80.45.1,8081,33344,LMP1G8HTUZ09TM6E0YKAZA293F3AD7D=,small2.pcap.TCP_10-60-45-2_8081_10-80-45-1_33344.pcap
525,2017-12-02 17:38:20.883128,10.60.45.2,10.80.45.1,8081,33344,C80N7K1HPR1Z71RUI75P0DD1B051E78=,small2.pcap.TCP_10-60-45-2_8081_10-80-45-1_33344.pcap
526,2017-12-02 17:38:20.883128,10.60.45.2,10.80.45.1,8081,33344,YIQFD973450KZ30LCQ5V205C4DD1071=,small2.pcap.TCP_10-60-45-2_8081_10-80-45-1_33344.pcap
527,2017-12-02 17:38:22.070977,10.60.45.2,10.80.45.1,8081,33344,U3U9JG5I24G7L28NV2APBA7A98E9E16=,small2.pcap.TCP_10-60-45-2_8081_10-80-45-1_33344.pcap
528,2017-12-02 17:38:25.224136,10.60.45.2,10.80.45.1,8081,33344,WMA3BZVLRLUQWXE5S11RHCCF95783EE=,small2.pcap.TCP_10-60-45-2_8081_10-80-45-1_33344.pcap
529,2017-12-02 17:38:25.224136,10.60.45.2,10.80.45.1,8081,33344,JERHWT56Z0RFPVVNK00B7C1EE82800B=,small2.pcap.TCP_10-60-45-2_8081_10-80-45-1_33344.pcap
530,2017-12-02 17:38:25.224341,10.60.45.2,10.80.45.1,8081,33344,0YOPKY8SPQUW6UEQQ2XJO130B5B8D1C=,small2.pcap.TCP_10-60-45-2_8081_10-80-45-1_33344.pcap
531,2017-12-02 17:38:25.224341,10.60.45.2,10.80.45.1,8081,33344,EV66M94TOQKEHGITBBQ1BBD0AD5A833=,small2.pcap.TCP_10-60-45-2_8081_10-80-45-1_33344.pcap
532,2017-12-02 17:38:32.404118,10.60.45.2,10.80.45.1,8081,33344,PX5UILJA55HA6RBR5EU1ZAC82BB07DD=,small2.pcap.TCP_10-60-45-2_8081_10-80-45-1_33344.pcap
533,2017-12-02 17:38:32.404254,10.60.45.2,10.80.45.1,8081,33344,DFYHELQIXGHZLGV3NRBG2AF67B427CF=,small2.pcap.TCP_10-60-45-2_8081_10-80-45-1_33344.pcap
534,2017-12-02 17:38:32.404254,10.60.45.2,10.80.45.1,8081,33344,IRAF1THT86UO6VZR6QJKC9FA29BFB21=,small2.pcap.TCP_10-60-45-2_8081_10-80-45-1_33344.pcap
535,2017-12-02 17:38:32.404572,10.60.45.2,10.80.45.1,8081,33344,0CO122XIZFPD7BWTQP88KC3A71A928F=,small2.pcap.TCP_10-60-45-2_8081_10-80-45-1_33344.pcap
536,2017-12-02 17:38:32.404572,10.60.45.2,10.80.45.1,8081,33344,BQWT4O2R8DQKFAMK88XAV32967A48EE=,small2.pcap.TCP_10-60-45-2_8081_10-80-45-1_33344.pcap
537,2017-12-02 17:38:33.089882,10.60.45.2,10.80.45.1,8081,33344,XXD4I4PENIC25ZTY0L0T193B77F6FC3=,small2.pcap.TCP_10-60-45-2_8081_10-80-45-1_33344.pcap
538,2017-12-02 17:38:33.089882,10.60.45.2,10.80.45.1,8081,33344,FSLWPNJEU4OXXLPJC7D871DF56B803E=,small2.pcap.TCP_10-60-45-2_8081_10-80-45-1_33344.pcap
539,2017-12-02 17:38:33.089882,10.60.45.2,10.80.45.1,8081,33344,J4745L5G941BVO2WOXMR6E637ABB8F3=,small2.pcap.TCP_10-60-45-2_8081_10-80-45-1_33344.pcap
